country,normalized_light_intensity,avg_d_kbps,avg_u_kbps,avg_lat_ms,tests,geometry
Japan,0.3460655970584259,82478.0,75749.0,22.5,80.75,"POLYGON ((135.499877929688 34.6693585452454, 135.50537109375 34.6693585452454, 135.50537109375 34.6648405782193, 135.499877929688 34.6648405782193, 135.499877929688 34.6693585452454))"
Japan,0.37591260399583953,56597.75,63021.75,21.25,74.75,"POLYGON ((135.499877929688 34.6738762658827, 135.50537109375 34.6738762658827, 135.50537109375 34.6693585452454, 135.499877929688 34.6693585452454, 135.499877929688 34.6738762658827))"
Japan,0.30451434538915834,81785.75,75805.25,20.25,78.25,"POLYGON ((135.499877929688 34.7009774147201, 135.50537109375 34.7009774147201, 135.50537109375 34.6964611727235, 135.499877929688 34.6964611727235, 135.499877929688 34.7009774147201))"
Japan,0.301470940867766,96628.25,68076.75,17.75,68.25,"POLYGON ((135.50537109375 34.6738762658827, 135.510864257812 34.6738762658827, 135.510864257812 34.6693585452454, 135.50537109375 34.6693585452454, 135.50537109375 34.6738762658827))"
Japan,0.33207330489326775,5348.0,544.0,52.0,5.0,"POLYGON ((136.862182617188 35.0209997011147, 136.86767578125 35.0209997011147, 136.86767578125 35.016500995886, 136.862182617188 35.016500995886, 136.862182617188 35.0209997011147))"
Japan,0.370764457768912,94599.0,75705.5,20.25,133.25,"POLYGON ((139.696655273438 35.6929946320988, 139.7021484375 35.6929946320988, 139.7021484375 35.6885332073887, 139.696655273438 35.6885332073887, 139.696655273438 35.6929946320988))"
Japan,0.3041865957466198,56115.75,69111.25,19.75,117.0,"POLYGON ((139.7021484375 35.6929946320988, 139.707641601562 35.6929946320988, 139.707641601562 35.6885332073887, 139.7021484375 35.6885332073887, 139.7021484375 35.6929946320988))"
Japan,0.3643763831530952,59314.25,68556.0,18.25,315.75,"POLYGON ((139.7021484375 35.697455807258, 139.707641601562 35.697455807258, 139.707641601562 35.6929946320988, 139.7021484375 35.6929946320988, 139.7021484375 35.697455807258))"
Japan,0.461180027261965,73915.5,80587.0,38.0,63.0,"POLYGON ((141.35009765625 43.0568477758455, 141.355590820312 43.0568477758455, 141.355590820312 43.0528339176279, 141.35009765625 43.0528339176279, 141.35009765625 43.0568477758455))"
Japan,0.3543171792185472,56109.5,59141.25,39.25,45.5,"POLYGON ((141.355590820312 43.0568477758455, 141.361083984375 43.0568477758455, 141.361083984375 43.0528339176279, 141.355590820312 43.0528339176279, 141.355590820312 43.0568477758455))"
Philippines,0.35967789999436806,55686.33333333333,55619.333333333336,11.833333333333332,1.6666666666666665,"POLYGON ((120.097045898438 16.1302620120348, 120.1025390625 16.1302620120348, 120.1025390625 16.124985029561, 120.097045898438 16.124985029561, 120.097045898438 16.1302620120348))"
Philippines,0.33673626678134994,3610.6666666666665,7860.5,75.0,1.3333333333333335,"POLYGON ((120.536499023438 14.4293603933732, 120.5419921875 14.4293603933732, 120.5419921875 14.4240404443547, 120.536499023438 14.4240404443547, 120.536499023438 14.4293603933732))"
Philippines,0.37630813675554153,70457.25,78064.75,14.0,47.0,"POLYGON ((120.5419921875 15.1834824210601, 120.547485351562 15.1834824210601, 120.547485351562 15.1781809455964, 120.5419921875 15.1781809455964, 120.5419921875 15.1834824210601))"
Philippines,0.38559977808974644,22967.5,31385.0,25.0,2.0,"POLYGON ((120.547485351562 15.1834824210601, 120.552978515625 15.1834824210601, 120.552978515625 15.1781809455964, 120.547485351562 15.1781809455964, 120.547485351562 15.1834824210601))"
Philippines,0.3029382297716962,66384.75,73516.0,11.75,49.5,"POLYGON ((120.547485351562 15.1887837634032, 120.552978515625 15.1887837634032, 120.552978515625 15.1834824210601, 120.547485351562 15.1834824210601, 120.547485351562 15.1887837634032))"
Philippines,0.342947997044581,7778.388888888888,4071.555555555555,44.72222222222223,3.6666666666666665,"POLYGON ((120.596923828125 14.5250977010989, 120.602416992188 14.5250977010989, 120.602416992188 14.5197800463261, 120.596923828125 14.5197800463261, 120.596923828125 14.5250977010989))"
Philippines,0.3252831409674812,12854.75,10549.0,55.0,11.75,"POLYGON ((120.602416992188 14.5197800463261, 120.60791015625 14.5197800463261, 120.60791015625 14.5144622637317, 120.602416992188 14.5144622637317, 120.602416992188 14.5197800463261))"
Philippines,0.3815496267978608,3302.3333333333335,2843.3333333333335,44.666666666666664,2.3333333333333335,"POLYGON ((120.602416992188 14.5250977010989, 120.60791015625 14.5250977010989, 120.60791015625 14.5197800463261, 120.602416992188 14.5197800463261, 120.602416992188 14.5250977010989))"
Philippines,0.4209778787793905,40997.5,33809.5,386.5,5.5,"POLYGON ((120.948486328125 14.6101627588732, 120.953979492188 14.6101627588732, 120.953979492188 14.6048471550539, 120.948486328125 14.6048471550539, 120.948486328125 14.6101627588732))"
Philippines,0.4141290140176608,13113.5,10159.25,17.5,15.0,"POLYGON ((120.953979492188 14.6048471550539, 120.95947265625 14.6048471550539, 120.95947265625 14.5995314227299, 120.953979492188 14.5995314227299, 120.953979492188 14.6048471550539))"
Philippines,0.3149805949170922,33612.75,14617.5,20.75,3.75,"POLYGON ((120.953979492188 14.6261087988768, 120.95947265625 14.6261087988768, 120.95947265625 14.6207935808273, 120.953979492188 14.6207935808273, 120.953979492188 14.6261087988768))"
Philippines,0.3051348384681195,32785.0,34600.5,26.5,37.5,"POLYGON ((120.953979492188 14.6420536808036, 120.95947265625 14.6420536808036, 120.95947265625 14.6367388489076, 120.953979492188 14.6367388489076, 120.953979492188 14.6420536808036))"
Philippines,0.3364967326445532,32722.75,27169.25,6.75,11.875,"POLYGON ((120.95947265625 14.5888995727386, 120.964965820312 14.5888995727386, 120.964965820312 14.5835834551565, 120.95947265625 14.5835834551565, 120.95947265625 14.5888995727386))"
Philippines,0.40213230926452664,45621.875,47769.875,18.875,1123.0,"POLYGON ((120.95947265625 14.6048471550539, 120.964965820312 14.6048471550539, 120.964965820312 14.5995314227299, 120.95947265625 14.5995314227299, 120.95947265625 14.6048471550539))"
Philippines,0.4240492224190508,42383.625,43056.5,14.5,1082.375,"POLYGON ((120.95947265625 14.6101627588732, 120.964965820312 14.6101627588732, 120.964965820312 14.6048471550539, 120.95947265625 14.6048471550539, 120.95947265625 14.6101627588732))"
Philippines,0.37735116129930774,41052.0,35469.5,19.625,1556.0,"POLYGON ((120.95947265625 14.6154782341453, 120.964965820312 14.6154782341453, 120.964965820312 14.6101627588732, 120.95947265625 14.6101627588732, 120.95947265625 14.6154782341453))"
Philippines,0.33382539092572017,47543.625,48690.0,14.75,1195.125,"POLYGON ((120.95947265625 14.6207935808273, 120.964965820312 14.6207935808273, 120.964965820312 14.6154782341453, 120.95947265625 14.6154782341453, 120.95947265625 14.6207935808273))"
Philippines,0.4341759350515108,33940.25,30658.375,44.625,41.0,"POLYGON ((120.964965820312 14.5942155619439, 120.970458984375 14.5942155619439, 120.970458984375 14.5888995727386, 120.964965820312 14.5888995727386, 120.964965820312 14.5942155619439))"
Philippines,0.32899196972134614,47557.375,47595.375,12.75,1236.0,"POLYGON ((120.964965820312 14.6048471550539, 120.970458984375 14.6048471550539, 120.970458984375 14.5995314227299, 120.964965820312 14.5995314227299, 120.964965820312 14.6048471550539))"
Philippines,0.34418277715164447,40859.375,33686.375,21.625,204.5,"POLYGON ((120.964965820312 14.7589473199356, 120.970458984375 14.7589473199356, 120.970458984375 14.7536353315404, 120.964965820312 14.7536353315404, 120.964965820312 14.7589473199356))"
Philippines,0.3843119103506821,30823.583333333332,38114.166666666664,43.666666666666664,85.91666666666667,"POLYGON ((120.970458984375 14.5835834551565, 120.975952148438 14.5835834551565, 120.975952148438 14.5782672092405, 120.970458984375 14.5782672092405, 120.970458984375 14.5835834551565))"
Philippines,0.4024063774132256,33646.75,32551.875,25.0,124.625,"POLYGON ((120.970458984375 14.5888995727386, 120.975952148438 14.5888995727386, 120.975952148438 14.5835834551565, 120.970458984375 14.5835834551565, 120.970458984375 14.5888995727386))"
Philippines,0.35581330168643954,44621.125,44223.375,16.875,234.5,"POLYGON ((120.970458984375 14.5942155619439, 120.975952148438 14.5942155619439, 120.975952148438 14.5888995727386, 120.970458984375 14.5888995727386, 120.970458984375 14.5942155619439))"
Philippines,0.3075198127045611,33423.5,33700.5,18.25,1473.5,"POLYGON ((120.970458984375 14.6048471550539, 120.975952148438 14.6048471550539, 120.975952148438 14.5995314227299, 120.970458984375 14.5995314227299, 120.970458984375 14.6048471550539))"
Philippines,0.3676979867417875,70602.25,60937.0,32.75,221.25,"POLYGON ((120.970458984375 14.7589473199356, 120.975952148438 14.7589473199356, 120.975952148438 14.7536353315404, 120.970458984375 14.7536353315404, 120.970458984375 14.7589473199356))"
Philippines,0.37454530054810187,45683.875,41477.0,22.5,158.125,"POLYGON ((120.975952148438 14.5144622637317, 120.9814453125 14.5144622637317, 120.9814453125 14.5091443533584, 120.975952148438 14.5091443533584, 120.975952148438 14.5144622637317))"
Philippines,0.3163824088582518,37403.25,43193.25,12.0,58.5,"POLYGON ((120.975952148438 14.5197800463261, 120.9814453125 14.5197800463261, 120.9814453125 14.5144622637317, 120.975952148438 14.5144622637317, 120.975952148438 14.5197800463261))"
Philippines,0.33999850290288625,32079.833333333332,29137.666666666668,21.833333333333332,423.25,"POLYGON ((120.975952148438 14.5835834551565, 120.9814453125 14.5835834551565, 120.9814453125 14.5782672092405, 120.975952148438 14.5782672092405, 120.975952148438 14.5835834551565))"
Philippines,0.3391689251809817,72994.0,81665.25,11.0,63.25,"POLYGON ((120.975952148438 14.5888995727386, 120.9814453125 14.5888995727386, 120.9814453125 14.5835834551565, 120.975952148438 14.5835834551565, 120.975952148438 14.5888995727386))"
Philippines,0.3583230668547242,56518.5,58439.25,9.25,153.0,"POLYGON ((120.975952148438 14.5942155619439, 120.9814453125 14.5942155619439, 120.9814453125 14.5888995727386, 120.975952148438 14.5888995727386, 120.975952148438 14.5942155619439))"
Philippines,0.305299383099388,33611.5,33081.75,26.75,399.25,"POLYGON ((120.975952148438 14.5995314227299, 120.9814453125 14.5995314227299, 120.9814453125 14.5942155619439, 120.975952148438 14.5942155619439, 120.975952148438 14.5995314227299))"
Philippines,0.36356231644440223,57593.5,61191.125,20.125,175.75,"POLYGON ((120.9814453125 14.5144622637317, 120.986938476562 14.5144622637317, 120.986938476562 14.5091443533584, 120.9814453125 14.5091443533584, 120.9814453125 14.5144622637317))"
Philippines,0.42469280836631973,36124.375,33910.75,27.375,33.125,"POLYGON ((120.9814453125 14.5197800463261, 120.986938476562 14.5197800463261, 120.986938476562 14.5144622637317, 120.9814453125 14.5144622637317, 120.9814453125 14.5197800463261))"
Philippines,0.4105957298167325,28134.75,23178.083333333332,15.75,45.166666666666664,"POLYGON ((120.9814453125 14.5250977010989, 120.986938476562 14.5250977010989, 120.986938476562 14.5197800463261, 120.9814453125 14.5197800463261, 120.9814453125 14.5250977010989))"
Philippines,0.3103801856848583,46344.0,26553.5,11.25,35.25,"POLYGON ((120.9814453125 14.5304152280074, 120.986938476562 14.5304152280074, 120.986938476562 14.5250977010989, 120.9814453125 14.5250977010989, 120.9814453125 14.5304152280074))"
Philippines,0.3306275356481577,34311.375,19962.25,33.0,304.0,"POLYGON ((120.9814453125 14.5357326270088, 120.986938476562 14.5357326270088, 120.986938476562 14.5304152280074, 120.9814453125 14.5304152280074, 120.9814453125 14.5357326270088))"
Philippines,0.3691961392693893,40911.25,18273.375,22.375,349.75,"POLYGON ((120.9814453125 14.5410498980604, 120.986938476562 14.5410498980604, 120.986938476562 14.5357326270088, 120.9814453125 14.5357326270088, 120.9814453125 14.5410498980604))"
Philippines,0.3078031803684435,58435.5,14984.75,20.5,258.75,"POLYGON ((120.9814453125 14.5463670411195, 120.986938476562 14.5463670411195, 120.986938476562 14.5410498980604, 120.9814453125 14.5410498980604, 120.9814453125 14.5463670411195))"
Philippines,0.3139512288458236,25710.25,19665.5,21.5,1032.0,"POLYGON ((120.9814453125 14.5782672092405, 120.986938476562 14.5782672092405, 120.986938476562 14.572950835033, 120.9814453125 14.572950835033, 120.9814453125 14.5782672092405))"
Philippines,0.3808261140935813,35795.625,28986.5,16.625,588.375,"POLYGON ((120.9814453125 14.5835834551565, 120.986938476562 14.5835834551565, 120.986938476562 14.5782672092405, 120.9814453125 14.5782672092405, 120.9814453125 14.5835834551565))"
Philippines,0.40754381182268395,44534.75,41446.0,18.625,204.625,"POLYGON ((120.9814453125 14.5888995727386, 120.986938476562 14.5888995727386, 120.986938476562 14.5835834551565, 120.9814453125 14.5835834551565, 120.9814453125 14.5888995727386))"
Philippines,0.3742461337982316,71141.5,69831.0,8.25,832.5,"POLYGON ((120.9814453125 14.5942155619439, 120.986938476562 14.5942155619439, 120.986938476562 14.5888995727386, 120.9814453125 14.5888995727386, 120.9814453125 14.5942155619439))"
Philippines,0.3610778975746325,36223.25,23325.25,22.0,6.5,"POLYGON ((120.986938476562 14.5197800463261, 120.992431640625 14.5197800463261, 120.992431640625 14.5144622637317, 120.986938476562 14.5144622637317, 120.986938476562 14.5197800463261))"
Philippines,0.4395641105466304,44535.5,43947.0,22.0,118.75,"POLYGON ((120.986938476562 14.5250977010989, 120.992431640625 14.5250977010989, 120.992431640625 14.5197800463261, 120.986938476562 14.5197800463261, 120.986938476562 14.5250977010989))"
Philippines,0.4040701977434204,38754.75,30989.0,11.75,302.75,"POLYGON ((120.986938476562 14.5304152280074, 120.992431640625 14.5304152280074, 120.992431640625 14.5250977010989, 120.986938476562 14.5250977010989, 120.986938476562 14.5304152280074))"
Philippines,0.3634944969945047,41609.25,32709.125,19.0,318.0,"POLYGON ((120.986938476562 14.5463670411195, 120.992431640625 14.5463670411195, 120.992431640625 14.5410498980604, 120.986938476562 14.5410498980604, 120.986938476562 14.5463670411195))"
Philippines,0.3232004126429752,55964.083333333336,55504.0,12.583333333333334,610.1666666666666,"POLYGON ((120.986938476562 14.5835834551565, 120.992431640625 14.5835834551565, 120.992431640625 14.5782672092405, 120.986938476562 14.5782672092405, 120.986938476562 14.5835834551565))"
Philippines,0.387286535492219,29513.5,24302.5,29.0,441.25,"POLYGON ((120.992431640625 14.5197800463261, 120.997924804688 14.5197800463261, 120.997924804688 14.5144622637317, 120.992431640625 14.5144622637317, 120.992431640625 14.5197800463261))"
Philippines,0.4522497155331813,76151.75,78875.5,8.25,687.0,"POLYGON ((120.992431640625 14.5250977010989, 120.997924804688 14.5250977010989, 120.997924804688 14.5197800463261, 120.992431640625 14.5197800463261, 120.992431640625 14.5250977010989))"
Philippines,0.361108771050332,42079.25,35605.75,17.875,1141.125,"POLYGON ((120.992431640625 14.5304152280074, 120.997924804688 14.5304152280074, 120.997924804688 14.5250977010989, 120.992431640625 14.5250977010989, 120.992431640625 14.5304152280074))"
Philippines,0.4313305016773396,40189.375,32363.25,17.0,599.375,"POLYGON ((120.992431640625 14.5357326270088, 120.997924804688 14.5357326270088, 120.997924804688 14.5304152280074, 120.992431640625 14.5304152280074, 120.992431640625 14.5357326270088))"
Philippines,0.39048342982352247,32934.625,28766.375,17.75,711.875,"POLYGON ((120.992431640625 14.5410498980604, 120.997924804688 14.5410498980604, 120.997924804688 14.5357326270088, 120.992431640625 14.5357326270088, 120.992431640625 14.5410498980604))"
Philippines,0.3865263784612745,36833.416666666664,31030.5,22.25,236.08333333333334,"POLYGON ((120.997924804688 14.5091443533584, 121.00341796875 14.5091443533584, 121.00341796875 14.503826315249, 120.997924804688 14.503826315249, 120.997924804688 14.5091443533584))"
Philippines,0.3073091704828478,26031.5,23994.0,24.5,986.0,"POLYGON ((120.997924804688 14.5144622637317, 121.00341796875 14.5144622637317, 121.00341796875 14.5091443533584, 120.997924804688 14.5091443533584, 120.997924804688 14.5144622637317))"
Philippines,0.3830050976634607,39114.875,34841.25,28.75,397.875,"POLYGON ((120.997924804688 14.5197800463261, 121.00341796875 14.5197800463261, 121.00341796875 14.5144622637317, 120.997924804688 14.5144622637317, 120.997924804688 14.5197800463261))"
Philippines,0.3760873952565969,39910.0,33084.25,25.5,173.875,"POLYGON ((120.997924804688 14.5250977010989, 121.00341796875 14.5250977010989, 121.00341796875 14.5197800463261, 120.997924804688 14.5197800463261, 120.997924804688 14.5250977010989))"
Philippines,0.4425890655741698,92279.05,78398.7,6.75,271.2,"POLYGON ((121.00341796875 14.5091443533584, 121.008911132812 14.5091443533584, 121.008911132812 14.503826315249, 121.00341796875 14.503826315249, 121.00341796875 14.5091443533584))"
Philippines,0.34938090856511184,41000.875,32093.25,20.5,615.875,"POLYGON ((121.00341796875 14.5144622637317, 121.008911132812 14.5144622637317, 121.008911132812 14.5091443533584, 121.00341796875 14.5091443533584, 121.00341796875 14.5144622637317))"
Philippines,0.34801882395719946,25828.166666666668,21995.833333333332,19.333333333333332,15.166666666666666,"POLYGON ((121.00341796875 14.5197800463261, 121.008911132812 14.5197800463261, 121.008911132812 14.5144622637317, 121.00341796875 14.5144622637317, 121.00341796875 14.5197800463261))"
Philippines,0.35137784048109577,23185.25,16280.625,21.75,2.875,"POLYGON ((121.00341796875 14.5250977010989, 121.008911132812 14.5250977010989, 121.008911132812 14.5197800463261, 121.00341796875 14.5197800463261, 121.00341796875 14.5250977010989))"
Philippines,0.3083874108276691,46822.625,41736.625,17.25,1192.625,"POLYGON ((121.00341796875 14.5570009430895, 121.008911132812 14.5570009430895, 121.008911132812 14.5516840561434, 121.00341796875 14.5516840561434, 121.00341796875 14.5570009430895))"
Philippines,0.3165121644644384,43863.0,32474.375,16.625,2183.125,"POLYGON ((121.00341796875 14.5623177019148, 121.008911132812 14.5623177019148, 121.008911132812 14.5570009430895, 121.00341796875 14.5570009430895, 121.00341796875 14.5623177019148))"
Philippines,0.3350478944589874,57784.35,54246.3,12.3,1752.1,"POLYGON ((121.00341796875 14.5676343325769, 121.008911132812 14.5676343325769, 121.008911132812 14.5623177019148, 121.00341796875 14.5623177019148, 121.00341796875 14.5676343325769))"
Philippines,0.3715299483836075,58792.25,50858.5,9.75,22.0,"POLYGON ((121.008911132812 14.5091443533584, 121.014404296875 14.5091443533584, 121.014404296875 14.503826315249, 121.008911132812 14.503826315249, 121.008911132812 14.5091443533584))"
Philippines,0.39731955172306077,75085.5,67588.125,14.875,54.75,"POLYGON ((121.008911132812 14.5197800463261, 121.014404296875 14.5197800463261, 121.014404296875 14.5144622637317, 121.008911132812 14.5144622637317, 121.008911132812 14.5197800463261))"
Philippines,0.4009910891463579,53249.25,47479.0,22.5,473.5,"POLYGON ((121.008911132812 14.5250977010989, 121.014404296875 14.5250977010989, 121.014404296875 14.5197800463261, 121.008911132812 14.5197800463261, 121.008911132812 14.5250977010989))"
Philippines,0.3061038892021914,27421.75,23129.75,18.5,2219.75,"POLYGON ((121.008911132812 14.5463670411195, 121.014404296875 14.5463670411195, 121.014404296875 14.5410498980604, 121.008911132812 14.5410498980604, 121.008911132812 14.5463670411195))"
Philippines,0.3089939947265144,50428.5,49033.625,17.125,2856.25,"POLYGON ((121.008911132812 14.5570009430895, 121.014404296875 14.5570009430895, 121.014404296875 14.5516840561434, 121.008911132812 14.5516840561434, 121.008911132812 14.5570009430895))"
Philippines,0.3263445189873313,41484.0,29835.125,19.625,2208.25,"POLYGON ((121.008911132812 14.5623177019148, 121.014404296875 14.5623177019148, 121.014404296875 14.5570009430895, 121.008911132812 14.5570009430895, 121.008911132812 14.5623177019148))"
Philippines,0.36572789050317545,40926.5,30967.625,20.875,1901.125,"POLYGON ((121.008911132812 14.5676343325769, 121.014404296875 14.5676343325769, 121.014404296875 14.5623177019148, 121.008911132812 14.5623177019148, 121.008911132812 14.5676343325769))"
Philippines,0.3451616923353195,28511.25,24602.5,24.0,2339.25,"POLYGON ((121.008911132812 14.572950835033, 121.014404296875 14.572950835033, 121.014404296875 14.5676343325769, 121.008911132812 14.5676343325769, 121.008911132812 14.572950835033))"
Philippines,0.3664234763098939,47029.625,38677.0,9.875,3.875,"POLYGON ((121.014404296875 14.5091443533584, 121.019897460938 14.5091443533584, 121.019897460938 14.503826315249, 121.014404296875 14.503826315249, 121.014404296875 14.5091443533584))"
Philippines,0.390861229025283,35030.66666666667,25511.75,12.166666666666666,4.916666666666666,"POLYGON ((121.014404296875 14.5144622637317, 121.019897460938 14.5144622637317, 121.019897460938 14.5091443533584, 121.014404296875 14.5091443533584, 121.014404296875 14.5144622637317))"
Philippines,0.43618665831098435,28253.625,28565.75,8.125,117.875,"POLYGON ((121.014404296875 14.5197800463261, 121.019897460938 14.5197800463261, 121.019897460938 14.5144622637317, 121.014404296875 14.5144622637317, 121.014404296875 14.5197800463261))"
Philippines,0.43945906924793854,31990.375,22400.625,19.875,1153.0,"POLYGON ((121.014404296875 14.5250977010989, 121.019897460938 14.5250977010989, 121.019897460938 14.5197800463261, 121.014404296875 14.5197800463261, 121.014404296875 14.5250977010989))"
Philippines,0.3168688347413447,40438.25,30761.75,15.5,2725.0,"POLYGON ((121.014404296875 14.5623177019148, 121.019897460938 14.5623177019148, 121.019897460938 14.5570009430895, 121.014404296875 14.5570009430895, 121.014404296875 14.5623177019148))"
Philippines,0.35310182132532925,29902.75,21001.0,21.0,794.75,"POLYGON ((121.014404296875 14.5676343325769, 121.019897460938 14.5676343325769, 121.019897460938 14.5623177019148, 121.014404296875 14.5623177019148, 121.014404296875 14.5676343325769))"
Philippines,0.3742729239149075,27689.5,24741.0,22.0,2017.25,"POLYGON ((121.014404296875 14.572950835033, 121.019897460938 14.572950835033, 121.019897460938 14.5676343325769, 121.014404296875 14.5676343325769, 121.014404296875 14.572950835033))"
Philippines,0.3001409167509004,29691.25,25101.75,20.75,1302.75,"POLYGON ((121.014404296875 14.5782672092405, 121.019897460938 14.5782672092405, 121.019897460938 14.572950835033, 121.014404296875 14.572950835033, 121.014404296875 14.5782672092405))"
Philippines,0.3679087902289998,32473.5,32077.5,24.5,2.0,"POLYGON ((121.019897460938 14.5144622637317, 121.025390625 14.5144622637317, 121.025390625 14.5091443533584, 121.019897460938 14.5091443533584, 121.019897460938 14.5144622637317))"
Philippines,0.37250564390284596,29901.666666666668,22270.333333333332,24.333333333333332,162.91666666666666,"POLYGON ((121.019897460938 14.5197800463261, 121.025390625 14.5197800463261, 121.025390625 14.5144622637317, 121.019897460938 14.5144622637317, 121.019897460938 14.5197800463261))"
Philippines,0.3014606276691829,37682.25,31468.5,20.0,3731.5,"POLYGON ((121.019897460938 14.5623177019148, 121.025390625 14.5623177019148, 121.025390625 14.5570009430895, 121.019897460938 14.5570009430895, 121.019897460938 14.5623177019148))"
Philippines,0.32251304898967764,46072.166666666664,43420.583333333336,14.583333333333334,2336.9166666666665,"POLYGON ((121.019897460938 14.572950835033, 121.025390625 14.572950835033, 121.025390625 14.5676343325769, 121.019897460938 14.5676343325769, 121.019897460938 14.572950835033))"
Philippines,0.3239431861976503,35467.75,34836.0,19.0,1630.25,"POLYGON ((121.025390625 14.5676343325769, 121.030883789062 14.5676343325769, 121.030883789062 14.5623177019148, 121.025390625 14.5623177019148, 121.025390625 14.5676343325769))"
Philippines,0.30291381168139,32438.0,26239.33333333333,21.33333333333333,1.6666666666666667,"POLYGON ((121.030883789062 13.7740664080548, 121.036376953125 13.7740664080548, 121.036376953125 13.768731154711, 121.030883789062 13.768731154711, 121.030883789062 13.7740664080548))"
Philippines,0.3860013887185648,11453.5,1102.0,36.0,1.0,"POLYGON ((121.036376953125 13.7580602828386, 121.041870117188 13.7580602828386, 121.041870117188 13.752724664397, 121.036376953125 13.752724664397, 121.036376953125 13.7580602828386))"
Philippines,0.43847690179475984,31619.5,29835.666666666668,8.166666666666668,1.6666666666666665,"POLYGON ((121.036376953125 13.7633957796245, 121.041870117188 13.7633957796245, 121.041870117188 13.7580602828386, 121.036376953125 13.7580602828386, 121.036376953125 13.7633957796245))"
Philippines,0.3124273542208943,14480.0,20202.33333333333,25.0,4.0,"POLYGON ((121.036376953125 13.7740664080548, 121.041870117188 13.7740664080548, 121.041870117188 13.768731154711, 121.036376953125 13.768731154711, 121.036376953125 13.7740664080548))"
Philippines,0.31542420731537757,31524.25,33188.0,17.75,221.5,"POLYGON ((121.036376953125 14.4240404443547, 121.041870117188 14.4240404443547, 121.041870117188 14.4187203682847, 121.036376953125 14.4187203682847, 121.036376953125 14.4240404443547))"
Philippines,0.31507989864141706,52378.125,41688.5,16.125,1247.875,"POLYGON ((121.036376953125 14.5623177019148, 121.041870117188 14.5623177019148, 121.041870117188 14.5570009430895, 121.036376953125 14.5570009430895, 121.036376953125 14.5623177019148))"
Philippines,0.3106421280250513,55550.375,41118.75,13.75,2110.75,"POLYGON ((121.036376953125 14.5676343325769, 121.041870117188 14.5676343325769, 121.041870117188 14.5623177019148, 121.036376953125 14.5623177019148, 121.036376953125 14.5676343325769))"
Philippines,0.3289432808016646,29605.5,23102.25,16.0,932.0,"POLYGON ((121.036376953125 14.6420536808036, 121.041870117188 14.6420536808036, 121.041870117188 14.6367388489076, 121.036376953125 14.6367388489076, 121.036376953125 14.6420536808036))"
Philippines,0.3435387016778172,27283.0,20347.333333333336,20.833333333333336,2.8333333333333335,"POLYGON ((121.041870117188 13.7633957796245, 121.04736328125 13.7633957796245, 121.04736328125 13.7580602828386, 121.041870117188 13.7580602828386, 121.041870117188 13.7633957796245))"
Philippines,0.41564823422991853,53968.5,36185.75,15.75,2091.625,"POLYGON ((121.041870117188 14.5516840561434, 121.04736328125 14.5516840561434, 121.04736328125 14.5463670411195, 121.041870117188 14.5463670411195, 121.041870117188 14.5516840561434))"
Philippines,0.42395414890388594,41657.375,27771.875,15.375,3009.25,"POLYGON ((121.041870117188 14.5570009430895, 121.04736328125 14.5570009430895, 121.04736328125 14.5516840561434, 121.041870117188 14.5516840561434, 121.041870117188 14.5570009430895))"
Philippines,0.3815838263320369,42293.625,38982.125,15.0,2594.75,"POLYGON ((121.041870117188 14.5623177019148, 121.04736328125 14.5623177019148, 121.04736328125 14.5570009430895, 121.041870117188 14.5570009430895, 121.041870117188 14.5623177019148))"
Philippines,0.35334480800998913,46950.875,45734.25,16.125,1658.0,"POLYGON ((121.041870117188 14.5676343325769, 121.04736328125 14.5676343325769, 121.04736328125 14.5623177019148, 121.041870117188 14.5623177019148, 121.041870117188 14.5676343325769))"
Philippines,0.3127773569021791,31182.25,25428.75,25.5,2941.0,"POLYGON ((121.041870117188 14.5782672092405, 121.04736328125 14.5782672092405, 121.04736328125 14.572950835033, 121.041870117188 14.572950835033, 121.041870117188 14.5782672092405))"
Philippines,0.3483508409070331,44654.75,23212.75,17.0,721.75,"POLYGON ((121.04736328125 14.5463670411195, 121.052856445312 14.5463670411195, 121.052856445312 14.5410498980604, 121.04736328125 14.5410498980604, 121.04736328125 14.5463670411195))"
Philippines,0.4589684334051781,27792.0,22391.25,22.5,2639.0,"POLYGON ((121.04736328125 14.5623177019148, 121.052856445312 14.5623177019148, 121.052856445312 14.5570009430895, 121.04736328125 14.5570009430895, 121.04736328125 14.5623177019148))"
Philippines,0.356985721914155,38366.75,31946.125,18.0,2878.375,"POLYGON ((121.04736328125 14.5676343325769, 121.052856445312 14.5676343325769, 121.052856445312 14.5623177019148, 121.04736328125 14.5623177019148, 121.04736328125 14.5676343325769))"
Philippines,0.3335543407770104,24814.5,14101.0,31.5,9023.5,"POLYGON ((121.04736328125 14.5782672092405, 121.052856445312 14.5782672092405, 121.052856445312 14.572950835033, 121.04736328125 14.572950835033, 121.04736328125 14.5782672092405))"
Philippines,0.311432449747926,25579.25,20678.0,30.75,2403.25,"POLYGON ((121.04736328125 14.5835834551565, 121.052856445312 14.5835834551565, 121.052856445312 14.5782672092405, 121.04736328125 14.5782672092405, 121.04736328125 14.5835834551565))"
Philippines,0.3193823960407948,37169.75,33718.75,18.5,1056.0,"POLYGON ((121.04736328125 14.6261087988768, 121.052856445312 14.6261087988768, 121.052856445312 14.6207935808273, 121.04736328125 14.6207935808273, 121.04736328125 14.6261087988768))"
Philippines,0.40742922289091976,89848.0,44673.5,15.0,3.0,"POLYGON ((121.052856445312 13.6780132567255, 121.058349609375 13.6780132567255, 121.058349609375 13.6726758186698, 121.052856445312 13.6726758186698, 121.052856445312 13.6780132567255))"
Philippines,0.3854184041810065,2067.0,2510.0,31.0,2.0,"POLYGON ((121.052856445312 13.6833505737784, 121.058349609375 13.6833505737784, 121.058349609375 13.6780132567255, 121.052856445312 13.6780132567255, 121.052856445312 13.6833505737784))"
Philippines,0.3167069563146008,33997.5,33608.5,20.0,2395.5,"POLYGON ((121.052856445312 14.5410498980604, 121.058349609375 14.5410498980604, 121.058349609375 14.5357326270088, 121.052856445312 14.5357326270088, 121.052856445312 14.5410498980604))"
Philippines,0.34712279174213617,33506.2,23294.65,23.65,3117.1,"POLYGON ((121.052856445312 14.5463670411195, 121.058349609375 14.5463670411195, 121.058349609375 14.5410498980604, 121.052856445312 14.5410498980604, 121.052856445312 14.5463670411195))"
Philippines,0.4101578927092376,46869.125,25721.75,20.625,1481.75,"POLYGON ((121.052856445312 14.5516840561434, 121.058349609375 14.5516840561434, 121.058349609375 14.5463670411195, 121.052856445312 14.5463670411195, 121.052856445312 14.5516840561434))"
Philippines,0.38328268566937207,50243.25,31460.625,16.875,856.875,"POLYGON ((121.052856445312 14.5570009430895, 121.058349609375 14.5570009430895, 121.058349609375 14.5516840561434, 121.052856445312 14.5516840561434, 121.052856445312 14.5570009430895))"
Philippines,0.3855712543757738,44652.375,38718.875,18.375,1257.0,"POLYGON ((121.052856445312 14.5623177019148, 121.058349609375 14.5623177019148, 121.058349609375 14.5570009430895, 121.052856445312 14.5570009430895, 121.052856445312 14.5623177019148))"
Philippines,0.3202627888938686,42069.375,32841.75,18.5,1229.625,"POLYGON ((121.052856445312 14.5676343325769, 121.058349609375 14.5676343325769, 121.058349609375 14.5623177019148, 121.052856445312 14.5623177019148, 121.052856445312 14.5676343325769))"
Philippines,0.32783083812983727,35537.5,31475.75,23.5,234.75,"POLYGON ((121.052856445312 14.5782672092405, 121.058349609375 14.5782672092405, 121.058349609375 14.572950835033, 121.052856445312 14.572950835033, 121.052856445312 14.5782672092405))"
Philippines,0.3581601391203805,29593.0,16417.0,25.75,2017.0,"POLYGON ((121.052856445312 14.5835834551565, 121.058349609375 14.5835834551565, 121.058349609375 14.5782672092405, 121.052856445312 14.5782672092405, 121.052856445312 14.5835834551565))"
Philippines,0.3263455450527338,32513.75,26771.75,23.75,1223.25,"POLYGON ((121.052856445312 14.6207935808273, 121.058349609375 14.6207935808273, 121.058349609375 14.6154782341453, 121.052856445312 14.6154782341453, 121.052856445312 14.6207935808273))"
Philippines,0.3368568829927965,43722.5,31400.5,17.75,1452.0,"POLYGON ((121.052856445312 14.6261087988768, 121.058349609375 14.6261087988768, 121.058349609375 14.6207935808273, 121.052856445312 14.6207935808273, 121.052856445312 14.6261087988768))"
Philippines,0.3097603051971745,22245.75,14142.0,25.25,2046.5,"POLYGON ((121.058349609375 14.5357326270088, 121.063842773438 14.5357326270088, 121.063842773438 14.5304152280074, 121.058349609375 14.5304152280074, 121.058349609375 14.5357326270088))"
Philippines,0.32382055065402837,33624.875,26923.0,19.375,3068.75,"POLYGON ((121.058349609375 14.5410498980604, 121.063842773438 14.5410498980604, 121.063842773438 14.5357326270088, 121.058349609375 14.5357326270088, 121.058349609375 14.5410498980604))"
Philippines,0.33556519436407184,39775.875,36915.875,16.75,2115.75,"POLYGON ((121.058349609375 14.5463670411195, 121.063842773438 14.5463670411195, 121.063842773438 14.5410498980604, 121.058349609375 14.5410498980604, 121.058349609375 14.5463670411195))"
Philippines,0.3166421108425671,22732.5,18847.25,22.5,2238.0,"POLYGON ((121.058349609375 14.5516840561434, 121.063842773438 14.5516840561434, 121.063842773438 14.5463670411195, 121.058349609375 14.5463670411195, 121.058349609375 14.5516840561434))"
Philippines,0.34267458211060164,45866.75,37250.25,19.125,1360.125,"POLYGON ((121.058349609375 14.5782672092405, 121.063842773438 14.5782672092405, 121.063842773438 14.572950835033, 121.058349609375 14.572950835033, 121.058349609375 14.5782672092405))"
Philippines,0.3451571264892026,37463.166666666664,31162.333333333332,19.416666666666668,1955.0833333333333,"POLYGON ((121.058349609375 14.5835834551565, 121.063842773438 14.5835834551565, 121.063842773438 14.5782672092405, 121.058349609375 14.5782672092405, 121.058349609375 14.5835834551565))"
Philippines,0.3503304263354424,44200.875,35277.5,19.625,2708.5,"POLYGON ((121.058349609375 14.5888995727386, 121.063842773438 14.5888995727386, 121.063842773438 14.5835834551565, 121.058349609375 14.5835834551565, 121.058349609375 14.5888995727386))"
Philippines,0.3058298687228531,56302.5,52176.625,13.625,2387.375,"POLYGON ((121.063842773438 14.572950835033, 121.0693359375 14.572950835033, 121.0693359375 14.5676343325769, 121.063842773438 14.5676343325769, 121.063842773438 14.572950835033))"
Philippines,0.34513485900879914,53092.0,47172.125,12.375,1747.5,"POLYGON ((121.063842773438 14.5782672092405, 121.0693359375 14.5782672092405, 121.0693359375 14.572950835033, 121.063842773438 14.572950835033, 121.063842773438 14.5782672092405))"
Philippines,0.3011964984892815,26250.25,20340.25,20.5,1165.75,"POLYGON ((121.074829101562 14.5782672092405, 121.080322265625 14.5782672092405, 121.080322265625 14.572950835033, 121.074829101562 14.572950835033, 121.074829101562 14.5782672092405))"
Philippines,0.4558980156629045,55232.0,50220.25,10.75,856.5,"POLYGON ((121.09130859375 14.5570009430895, 121.096801757812 14.5570009430895, 121.096801757812 14.5516840561434, 121.09130859375 14.5516840561434, 121.09130859375 14.5570009430895))"
Philippines,0.345940744782019,52905.0,44062.0,11.75,1101.5,"POLYGON ((121.09130859375 14.5623177019148, 121.096801757812 14.5623177019148, 121.096801757812 14.5570009430895, 121.09130859375 14.5570009430895, 121.09130859375 14.5623177019148))"
Philippines,0.3557601465011052,68489.75,65477.5,8.5,1065.25,"POLYGON ((121.096801757812 14.5570009430895, 121.102294921875 14.5570009430895, 121.102294921875 14.5516840561434, 121.096801757812 14.5516840561434, 121.096801757812 14.5570009430895))"
Philippines,0.322414606505913,14435.75,15273.5,128.0,47.5,"POLYGON ((121.13525390625 14.1632081451572, 121.140747070312 14.1632081451572, 121.140747070312 14.1578818961415, 121.13525390625 14.1578818961415, 121.13525390625 14.1632081451572))"
Philippines,0.3628674222040266,64757.75,55375.25,21.75,71.5,"POLYGON ((122.074584960938 6.90461404723808, 122.080078125 6.90461404723808, 122.080078125 6.89916069002835, 122.074584960938 6.89916069002835, 122.074584960938 6.90461404723808))"
Philippines,0.3272052753691623,8456.0,10312.666666666666,29.0,10.333333333333334,"POLYGON ((123.64013671875 10.3905715763377, 123.645629882812 10.3905715763377, 123.645629882812 10.3851684470702, 123.64013671875 10.3851684470702, 123.64013671875 10.3905715763377))"
Philippines,0.3091857014073581,56003.125,52872.625,17.875,63.5,"POLYGON ((123.898315429688 10.2933010001091, 123.90380859375 10.2933010001091, 123.90380859375 10.287896197089, 123.898315429688 10.287896197089, 123.898315429688 10.2933010001091))"
Philippines,0.3176492907141947,37469.0,17991.25,103.75,34.5,"POLYGON ((123.90380859375 10.2933010001091, 123.909301757812 10.2933010001091, 123.909301757812 10.287896197089, 123.90380859375 10.287896197089, 123.90380859375 10.2933010001091))"
Philippines,0.3080571313340378,25893.75,25348.25,14.75,23.5,"POLYGON ((123.914794921875 10.3095148534366, 123.920288085938 10.3095148534366, 123.920288085938 10.3041103283294, 123.914794921875 10.3041103283294, 123.914794921875 10.3095148534366))"
Philippines,0.46250182542656915,16558.625,17389.041666666668,116.54166666666666,5.666666666666667,"POLYGON ((123.920288085938 10.3095148534366, 123.92578125 10.3095148534366, 123.92578125 10.3041103283294, 123.920288085938 10.3041103283294, 123.920288085938 10.3095148534366))"
Philippines,0.3688962244915454,20140.25,16698.375,23.375,67.875,"POLYGON ((123.920288085938 10.3149192858132, 123.92578125 10.3149192858132, 123.92578125 10.3095148534366, 123.920288085938 10.3095148534366, 123.920288085938 10.3149192858132))"
Philippines,0.31930316995431196,46852.5,43568.75,21.0,168.75,"POLYGON ((123.931274414062 10.3257278721883, 123.936767578125 10.3257278721883, 123.936767578125 10.3203236254125, 123.931274414062 10.3203236254125, 123.931274414062 10.3257278721883))"
Philippines,0.3142542592768083,44766.75,39926.75,31.5,76.5,"POLYGON ((123.936767578125 10.3257278721883, 123.942260742188 10.3257278721883, 123.942260742188 10.3203236254125, 123.936767578125 10.3203236254125, 123.936767578125 10.3257278721883))"
Philippines,0.3136969139527127,43267.5,46321.25,26.25,104.25,"POLYGON ((123.9697265625 10.3149192858132, 123.975219726562 10.3149192858132, 123.975219726562 10.3095148534366, 123.9697265625 10.3095148534366, 123.9697265625 10.3149192858132))"
Philippines,0.3967192896217747,25756.0,22424.75,12.5,45.25,"POLYGON ((123.975219726562 10.3149192858132, 123.980712890625 10.3149192858132, 123.980712890625 10.3095148534366, 123.975219726562 10.3095148534366, 123.975219726562 10.3149192858132))"
Philippines,0.3612524115729442,25913.75,23892.5,19.75,121.75,"POLYGON ((123.975219726562 10.3203236254125, 123.980712890625 10.3203236254125, 123.980712890625 10.3149192858132, 123.975219726562 10.3149192858132, 123.975219726562 10.3203236254125))"
Philippines,0.344188662474872,21161.75,26881.083333333332,21.416666666666668,145.83333333333334,"POLYGON ((124.013671875 10.3095148534366, 124.019165039062 10.3095148534366, 124.019165039062 10.3041103283294, 124.013671875 10.3041103283294, 124.013671875 10.3095148534366))"
Philippines,0.3100707524162617,21646.75,22686.5,39.25,3.75,"POLYGON ((124.436645507812 10.8926480150442, 124.442138671875 10.8926480150442, 124.442138671875 10.8872537726346, 124.436645507812 10.8872537726346, 124.436645507812 10.8926480150442))"
Philippines,0.3266054743479348,78212.0,63261.0,23.33333333333333,9.0,"POLYGON ((124.661865234375 8.4995374089894, 124.667358398438 8.4995374089894, 124.667358398438 8.49410453755188, 124.661865234375 8.49410453755188, 124.661865234375 8.4995374089894))"
Philippines,0.3334307302269718,22843.0,17265.25,38.0,740.0,"POLYGON ((125.612182617188 7.06818531814582, 125.61767578125 7.06818531814582, 125.61767578125 7.06273386769045, 125.612182617188 7.06273386769045, 125.612182617188 7.06818531814582))"
Philippines,0.3087680970894155,26056.0,19972.25,36.25,271.5,"POLYGON ((125.612182617188 7.07363670428911, 125.61767578125 7.07363670428911, 125.61767578125 7.06818531814582, 125.612182617188 7.06818531814582, 125.612182617188 7.07363670428911))"
Taiwan,0.3051249237455374,95653.375,39280.125,9.625,254.875,"POLYGON ((120.173950195312 22.9937949722422, 120.179443359375 22.9937949722422, 120.179443359375 22.9887381609607, 120.173950195312 22.9887381609607, 120.173950195312 22.9937949722422))"
Taiwan,0.31520787316262877,93484.5,38767.0,10.375,256.25,"POLYGON ((120.173950195312 22.9988515941429, 120.179443359375 22.9988515941429, 120.179443359375 22.9937949722422, 120.173950195312 22.9937949722422, 120.173950195312 22.9988515941429))"
Taiwan,0.3093779187435075,85418.875,37847.625,8.75,374.75,"POLYGON ((120.173950195312 23.0039080266307, 120.179443359375 23.0039080266307, 120.179443359375 22.9988515941429, 120.173950195312 22.9988515941429, 120.173950195312 23.0039080266307))"
Taiwan,0.3023900452222754,118636.25,44314.25,7.75,248.75,"POLYGON ((120.179443359375 22.9887381609607, 120.184936523438 22.9887381609607, 120.184936523438 22.9836811603309, 120.179443359375 22.9836811603309, 120.179443359375 22.9887381609607))"
Taiwan,0.31034019051443645,93587.125,39284.875,12.375,250.125,"POLYGON ((120.179443359375 22.9937949722422, 120.184936523438 22.9937949722422, 120.184936523438 22.9887381609607, 120.179443359375 22.9887381609607, 120.179443359375 22.9937949722422))"
Taiwan,0.3534328535522794,93213.125,46863.375,9.375,179.0,"POLYGON ((120.179443359375 22.9988515941429, 120.184936523438 22.9988515941429, 120.184936523438 22.9937949722422, 120.179443359375 22.9937949722422, 120.179443359375 22.9988515941429))"
Taiwan,0.3820621688494106,99656.375,41247.625,9.0,377.625,"POLYGON ((120.179443359375 23.0039080266307, 120.184936523438 23.0039080266307, 120.184936523438 22.9988515941429, 120.179443359375 22.9988515941429, 120.179443359375 23.0039080266307))"
Taiwan,0.33031429784470245,89712.875,38249.75,8.5,360.375,"POLYGON ((120.179443359375 23.0089642696731, 120.184936523438 23.0089642696731, 120.184936523438 23.0039080266307, 120.179443359375 23.0039080266307, 120.179443359375 23.0089642696731))"
Taiwan,0.3072400385117007,107784.25,46800.5,11.75,135.5,"POLYGON ((120.184936523438 22.9634512649735, 120.1904296875 22.9634512649735, 120.1904296875 22.9583933180863, 120.184936523438 22.9583933180863, 120.184936523438 22.9634512649735))"
Taiwan,0.3184179941689575,94868.0,44585.0,9.875,275.625,"POLYGON ((120.184936523438 22.9836811603309, 120.1904296875 22.9836811603309, 120.1904296875 22.9786239703849, 120.184936523438 22.9786239703849, 120.184936523438 22.9836811603309))"
Taiwan,0.3271032813708439,94492.875,44033.0,9.625,199.25,"POLYGON ((120.184936523438 22.9887381609607, 120.1904296875 22.9887381609607, 120.1904296875 22.9836811603309, 120.184936523438 22.9836811603309, 120.184936523438 22.9887381609607))"
Taiwan,0.3432425333150019,84453.625,40740.125,12.125,94.625,"POLYGON ((120.184936523438 22.9937949722422, 120.1904296875 22.9937949722422, 120.1904296875 22.9887381609607, 120.184936523438 22.9887381609607, 120.184936523438 22.9937949722422))"
Taiwan,0.39189735859653396,68234.375,35819.125,8.0,200.125,"POLYGON ((120.184936523438 22.9988515941429, 120.1904296875 22.9988515941429, 120.1904296875 22.9937949722422, 120.184936523438 22.9937949722422, 120.184936523438 22.9988515941429))"
Taiwan,0.4035134165440061,100333.125,42866.0,8.5,274.625,"POLYGON ((120.184936523438 23.0039080266307, 120.1904296875 23.0039080266307, 120.1904296875 22.9988515941429, 120.184936523438 22.9988515941429, 120.184936523438 23.0039080266307))"
Taiwan,0.354585217593397,89097.41666666667,35803.0,8.5,233.08333333333334,"POLYGON ((120.184936523438 23.0089642696731, 120.1904296875 23.0089642696731, 120.1904296875 23.0039080266307, 120.184936523438 23.0039080266307, 120.184936523438 23.0089642696731))"
Taiwan,0.34378470715981213,101020.5,44710.875,8.75,264.625,"POLYGON ((120.1904296875 22.9836811603309, 120.195922851562 22.9836811603309, 120.195922851562 22.9786239703849, 120.1904296875 22.9786239703849, 120.1904296875 22.9836811603309))"
Taiwan,0.4000438864884707,91927.375,42579.75,9.625,167.25,"POLYGON ((120.1904296875 22.9887381609607, 120.195922851562 22.9887381609607, 120.195922851562 22.9836811603309, 120.1904296875 22.9836811603309, 120.1904296875 22.9887381609607))"
Taiwan,0.4615990610967424,63110.125,27976.0,11.75,140.0,"POLYGON ((120.1904296875 22.9937949722422, 120.195922851562 22.9937949722422, 120.195922851562 22.9887381609607, 120.1904296875 22.9887381609607, 120.1904296875 22.9937949722422))"
Taiwan,0.4377582488652577,51778.125,24633.75,10.0,138.0,"POLYGON ((120.1904296875 22.9988515941429, 120.195922851562 22.9988515941429, 120.195922851562 22.9937949722422, 120.1904296875 22.9937949722422, 120.1904296875 22.9988515941429))"
Taiwan,0.39398668027455697,58834.25,29487.25,22.875,165.625,"POLYGON ((120.1904296875 23.0039080266307, 120.195922851562 23.0039080266307, 120.195922851562 22.9988515941429, 120.1904296875 22.9988515941429, 120.1904296875 23.0039080266307))"
Taiwan,0.3329881410733844,92178.1,32972.15,9.15,150.55,"POLYGON ((120.1904296875 23.0089642696731, 120.195922851562 23.0089642696731, 120.195922851562 23.0039080266307, 120.1904296875 23.0039080266307, 120.1904296875 23.0089642696731))"
Taiwan,0.3036097268549854,87459.41666666667,35297.25,10.333333333333334,130.91666666666666,"POLYGON ((120.1904296875 23.0291873467446, 120.195922851562 23.0291873467446, 120.195922851562 23.024131861806, 120.1904296875 23.024131861806, 120.1904296875 23.0291873467446))"
Taiwan,0.33390503817982875,77287.875,30671.25,12.75,98.625,"POLYGON ((120.195922851562 22.9836811603309, 120.201416015625 22.9836811603309, 120.201416015625 22.9786239703849, 120.195922851562 22.9786239703849, 120.195922851562 22.9836811603309))"
Taiwan,0.3800583314376401,64081.125,45390.375,6.5,348.25,"POLYGON ((120.195922851562 22.9887381609607, 120.201416015625 22.9887381609607, 120.201416015625 22.9836811603309, 120.195922851562 22.9836811603309, 120.195922851562 22.9887381609607))"
Taiwan,0.4688696777252735,65384.625,40133.125,8.0,223.0,"POLYGON ((120.195922851562 22.9937949722422, 120.201416015625 22.9937949722422, 120.201416015625 22.9887381609607, 120.195922851562 22.9887381609607, 120.195922851562 22.9937949722422))"
Taiwan,0.4715236203026379,76509.125,39780.25,10.625,190.5,"POLYGON ((120.195922851562 22.9988515941429, 120.201416015625 22.9988515941429, 120.201416015625 22.9937949722422, 120.195922851562 22.9937949722422, 120.195922851562 22.9988515941429))"
Taiwan,0.43226769580921526,75965.625,36392.375,9.125,248.125,"POLYGON ((120.195922851562 23.0039080266307, 120.201416015625 23.0039080266307, 120.201416015625 22.9988515941429, 120.195922851562 22.9988515941429, 120.195922851562 23.0039080266307))"
Taiwan,0.3316854197556775,83924.5,35527.833333333336,8.5,246.16666666666666,"POLYGON ((120.195922851562 23.0089642696731, 120.201416015625 23.0089642696731, 120.201416015625 23.0039080266307, 120.195922851562 23.0039080266307, 120.195922851562 23.0089642696731))"
Taiwan,0.3026273558265228,69324.5,36614.0,10.0,137.75,"POLYGON ((120.195922851562 23.014020323238, 120.201416015625 23.014020323238, 120.201416015625 23.0089642696731, 120.195922851562 23.0089642696731, 120.195922851562 23.014020323238))"
Taiwan,0.3066070549882405,63309.75,31167.0,11.75,88.75,"POLYGON ((120.201416015625 22.9887381609607, 120.206909179688 22.9887381609607, 120.206909179688 22.9836811603309, 120.201416015625 22.9836811603309, 120.201416015625 22.9887381609607))"
Taiwan,0.39271657893269674,94858.75,38621.25,9.625,186.25,"POLYGON ((120.201416015625 22.9937949722422, 120.206909179688 22.9937949722422, 120.206909179688 22.9887381609607, 120.201416015625 22.9887381609607, 120.201416015625 22.9937949722422))"
Taiwan,0.4308629440878946,50112.125,28515.375,8.625,186.625,"POLYGON ((120.201416015625 22.9988515941429, 120.206909179688 22.9988515941429, 120.206909179688 22.9937949722422, 120.201416015625 22.9937949722422, 120.201416015625 22.9988515941429))"
Taiwan,0.4042170623513496,97863.25,41743.25,10.125,283.75,"POLYGON ((120.201416015625 23.0039080266307, 120.206909179688 23.0039080266307, 120.206909179688 22.9988515941429, 120.201416015625 22.9988515941429, 120.201416015625 23.0039080266307))"
Taiwan,0.3296708899971333,112786.58333333333,44293.333333333336,10.666666666666666,400.5833333333333,"POLYGON ((120.201416015625 23.0089642696731, 120.206909179688 23.0089642696731, 120.206909179688 23.0039080266307, 120.201416015625 23.0039080266307, 120.201416015625 23.0089642696731))"
Taiwan,0.3119213479533903,103834.0,45941.625,10.25,469.875,"POLYGON ((120.201416015625 23.014020323238, 120.206909179688 23.014020323238, 120.206909179688 23.0089642696731, 120.201416015625 23.0089642696731, 120.201416015625 23.014020323238))"
Taiwan,0.30738002657548746,103374.75,41278.625,10.25,132.5,"POLYGON ((120.206909179688 22.9887381609607, 120.21240234375 22.9887381609607, 120.21240234375 22.9836811603309, 120.206909179688 22.9836811603309, 120.206909179688 22.9887381609607))"
Taiwan,0.36551091534354097,94448.0,40585.375,9.75,310.125,"POLYGON ((120.206909179688 22.9937949722422, 120.21240234375 22.9937949722422, 120.21240234375 22.9887381609607, 120.206909179688 22.9887381609607, 120.206909179688 22.9937949722422))"
Taiwan,0.39171320496687634,67511.5,36116.25,9.625,186.875,"POLYGON ((120.206909179688 22.9988515941429, 120.21240234375 22.9988515941429, 120.21240234375 22.9937949722422, 120.206909179688 22.9937949722422, 120.206909179688 22.9988515941429))"
Taiwan,0.37368762658354127,89088.5,44210.25,9.25,66.625,"POLYGON ((120.206909179688 23.0039080266307, 120.21240234375 23.0039080266307, 120.21240234375 22.9988515941429, 120.206909179688 22.9988515941429, 120.206909179688 23.0039080266307))"
Taiwan,0.31794808108755623,112201.66666666667,50668.416666666664,8.083333333333334,155.41666666666666,"POLYGON ((120.206909179688 23.0089642696731, 120.21240234375 23.0089642696731, 120.21240234375 23.0039080266307, 120.206909179688 23.0039080266307, 120.206909179688 23.0089642696731))"
Taiwan,0.3188096088125849,136941.75,52020.75,8.5,221.0,"POLYGON ((120.206909179688 23.014020323238, 120.21240234375 23.014020323238, 120.21240234375 23.0089642696731, 120.206909179688 23.0089642696731, 120.206909179688 23.014020323238))"
Taiwan,0.3192559428161439,100832.75,36927.5,9.0,366.25,"POLYGON ((120.206909179688 23.019076187293, 120.21240234375 23.019076187293, 120.21240234375 23.014020323238, 120.206909179688 23.014020323238, 120.206909179688 23.019076187293))"
Taiwan,0.31777146180275007,110416.875,46571.125,9.25,290.0,"POLYGON ((120.21240234375 22.9836811603309, 120.217895507812 22.9836811603309, 120.217895507812 22.9786239703849, 120.21240234375 22.9786239703849, 120.21240234375 22.9836811603309))"
Taiwan,0.3173303494726772,91397.125,40939.125,8.5,179.375,"POLYGON ((120.21240234375 22.9887381609607, 120.217895507812 22.9887381609607, 120.217895507812 22.9836811603309, 120.21240234375 22.9836811603309, 120.21240234375 22.9887381609607))"
Taiwan,0.33485112779105625,86573.5,43553.916666666664,10.083333333333334,110.08333333333333,"POLYGON ((120.21240234375 22.9937949722422, 120.217895507812 22.9937949722422, 120.217895507812 22.9887381609607, 120.21240234375 22.9887381609607, 120.21240234375 22.9937949722422))"
Taiwan,0.32740610709153595,60296.625,31799.0,14.5,80.125,"POLYGON ((120.21240234375 22.9988515941429, 120.217895507812 22.9988515941429, 120.217895507812 22.9937949722422, 120.21240234375 22.9937949722422, 120.21240234375 22.9988515941429))"
Taiwan,0.32782642211708884,60955.083333333336,38155.75,10.25,13.416666666666666,"POLYGON ((120.21240234375 23.0039080266307, 120.217895507812 23.0039080266307, 120.217895507812 22.9988515941429, 120.21240234375 22.9988515941429, 120.21240234375 23.0039080266307))"
Taiwan,0.3070259330614673,99701.75,34502.5,8.5,135.75,"POLYGON ((120.21240234375 23.0089642696731, 120.217895507812 23.0089642696731, 120.217895507812 23.0039080266307, 120.21240234375 23.0039080266307, 120.21240234375 23.0089642696731))"
Taiwan,0.3081522846108759,105910.625,44908.375,9.0,220.375,"POLYGON ((120.217895507812 22.9836811603309, 120.223388671875 22.9836811603309, 120.223388671875 22.9786239703849, 120.217895507812 22.9786239703849, 120.217895507812 22.9836811603309))"
Taiwan,0.3147935344222387,84768.5,41475.25,9.0,147.75,"POLYGON ((120.217895507812 23.0039080266307, 120.223388671875 23.0039080266307, 120.223388671875 22.9988515941429, 120.217895507812 22.9988515941429, 120.217895507812 23.0039080266307))"
Taiwan,0.3181273536193239,88919.875,39124.0,11.125,243.125,"POLYGON ((120.223388671875 22.9786239703849, 120.228881835938 22.9786239703849, 120.228881835938 22.9735665911551, 120.223388671875 22.9735665911551, 120.223388671875 22.9786239703849))"
Taiwan,0.3225424633653128,89456.375,40026.75,11.25,285.5,"POLYGON ((120.223388671875 22.9836811603309, 120.228881835938 22.9836811603309, 120.228881835938 22.9786239703849, 120.223388671875 22.9786239703849, 120.223388671875 22.9836811603309))"
Taiwan,0.3097455892297873,92360.5,40101.0,8.5,125.5,"POLYGON ((120.223388671875 23.0039080266307, 120.228881835938 23.0039080266307, 120.228881835938 22.9988515941429, 120.223388671875 22.9988515941429, 120.223388671875 23.0039080266307))"
Taiwan,0.3216399362493122,110805.25,51243.25,7.25,293.75,"POLYGON ((120.228881835938 22.9786239703849, 120.234375 22.9786239703849, 120.234375 22.9735665911551, 120.228881835938 22.9735665911551, 120.228881835938 22.9786239703849))"
Taiwan,0.32399758209582435,83613.75,36228.375,9.625,351.625,"POLYGON ((120.228881835938 22.9836811603309, 120.234375 22.9836811603309, 120.234375 22.9786239703849, 120.228881835938 22.9786239703849, 120.228881835938 22.9836811603309))"
Taiwan,0.3093663179001324,111007.75,44504.25,9.5,494.0,"POLYGON ((120.228881835938 22.9887381609607, 120.234375 22.9887381609607, 120.234375 22.9836811603309, 120.228881835938 22.9836811603309, 120.228881835938 22.9887381609607))"
Taiwan,0.31382718343810845,74637.25,40445.75,8.5,249.875,"POLYGON ((120.228881835938 22.9937949722422, 120.234375 22.9937949722422, 120.234375 22.9887381609607, 120.228881835938 22.9887381609607, 120.228881835938 22.9937949722422))"
Taiwan,0.3097669770908317,97832.25,40179.5,10.625,397.875,"POLYGON ((120.228881835938 22.9988515941429, 120.234375 22.9988515941429, 120.234375 22.9937949722422, 120.228881835938 22.9937949722422, 120.228881835938 22.9988515941429))"
Taiwan,0.3082834319521344,80813.75,37717.75,9.0,401.25,"POLYGON ((120.234375 22.9887381609607, 120.239868164062 22.9887381609607, 120.239868164062 22.9836811603309, 120.234375 22.9836811603309, 120.234375 22.9887381609607))"
Taiwan,0.3089559258563834,6992.0,260.5,66.0,1.0,"POLYGON ((120.261840820312 23.1100492973567, 120.267333984375 23.1100492973567, 120.267333984375 23.1049968499888, 120.261840820312 23.1049968499888, 120.261840820312 23.1100492973567))"
Taiwan,0.47172169751170534,78048.0,42603.0,13.0,3.0,"POLYGON ((120.261840820312 23.1201536216956, 120.267333984375 23.1201536216956, 120.267333984375 23.115101554603, 120.261840820312 23.115101554603, 120.261840820312 23.1201536216956))"
Taiwan,0.318481607672769,65889.375,29870.875,13.0,197.125,"POLYGON ((120.289306640625 22.6292225194605, 120.294799804688 22.6292225194605, 120.294799804688 22.6241521580904, 120.289306640625 22.6241521580904, 120.289306640625 22.6292225194605))"
Taiwan,0.3067822699426345,107168.75,44400.5,10.5,298.5,"POLYGON ((120.289306640625 22.6342926937935, 120.294799804688 22.6342926937935, 120.294799804688 22.6292225194605, 120.289306640625 22.6292225194605, 120.289306640625 22.6342926937935))"
Taiwan,0.3137666323757829,111610.5,45273.75,9.0,518.0,"POLYGON ((120.289306640625 22.6393626810567, 120.294799804688 22.6393626810567, 120.294799804688 22.6342926937935, 120.289306640625 22.6342926937935, 120.289306640625 22.6393626810567))"
Taiwan,0.3204775191562027,110073.25,42428.0,7.75,161.0,"POLYGON ((120.289306640625 22.6444324812172, 120.294799804688 22.6444324812172, 120.294799804688 22.6393626810567, 120.289306640625 22.6393626810567, 120.289306640625 22.6444324812172))"
Taiwan,0.35623920527680586,72296.375,37956.75,7.375,323.625,"POLYGON ((120.294799804688 22.6241521580904, 120.30029296875 22.6241521580904, 120.30029296875 22.6190816097161, 120.294799804688 22.6190816097161, 120.294799804688 22.6241521580904))"
Taiwan,0.377686165508939,79652.25,29944.625,8.75,195.25,"POLYGON ((120.294799804688 22.6292225194605, 120.30029296875 22.6292225194605, 120.30029296875 22.6241521580904, 120.294799804688 22.6241521580904, 120.294799804688 22.6292225194605))"
Taiwan,0.3922559541393984,96956.375,44900.375,7.75,302.625,"POLYGON ((120.294799804688 22.6342926937935, 120.30029296875 22.6342926937935, 120.30029296875 22.6292225194605, 120.294799804688 22.6292225194605, 120.294799804688 22.6342926937935))"
Taiwan,0.35046163601826724,96170.33333333333,42068.416666666664,8.75,321.6666666666667,"POLYGON ((120.294799804688 22.6393626810567, 120.30029296875 22.6393626810567, 120.30029296875 22.6342926937935, 120.294799804688 22.6342926937935, 120.294799804688 22.6393626810567))"
Taiwan,0.336506041676913,88460.0,43244.0,9.0,203.5,"POLYGON ((120.294799804688 22.6444324812172, 120.30029296875 22.6444324812172, 120.30029296875 22.6393626810567, 120.294799804688 22.6393626810567, 120.294799804688 22.6444324812172))"
Taiwan,0.3123952169981752,118325.25,48886.25,8.25,266.5,"POLYGON ((120.294799804688 22.6495020942422, 120.30029296875 22.6495020942422, 120.30029296875 22.6444324812172, 120.294799804688 22.6444324812172, 120.294799804688 22.6495020942422))"
Taiwan,0.34374100598173685,21116.0,14041.5,21.0,1.0,"POLYGON ((120.30029296875 22.5683658479615, 120.305786132812 22.5683658479615, 120.305786132812 22.5632932447078, 120.30029296875 22.5632932447078, 120.30029296875 22.5683658479615))"
Taiwan,0.3289563267475999,49119.5,25637.0,11.25,2.0,"POLYGON ((120.30029296875 22.5734382645724, 120.305786132812 22.5734382645724, 120.305786132812 22.5683658479615, 120.30029296875 22.5683658479615, 120.30029296875 22.5734382645724))"
Taiwan,0.3735240616045106,91870.75,47925.375,7.0,544.5,"POLYGON ((120.30029296875 22.6140108743703, 120.305786132812 22.6140108743703, 120.305786132812 22.6089399520859, 120.30029296875 22.6089399520859, 120.30029296875 22.6140108743703))"
Taiwan,0.372560264494606,96952.125,46660.125,8.625,293.25,"POLYGON ((120.30029296875 22.6190816097161, 120.305786132812 22.6190816097161, 120.305786132812 22.6140108743703, 120.30029296875 22.6140108743703, 120.30029296875 22.6190816097161))"
Taiwan,0.33557580938137954,101510.125,44975.375,8.875,273.25,"POLYGON ((120.30029296875 22.6241521580904, 120.305786132812 22.6241521580904, 120.305786132812 22.6190816097161, 120.30029296875 22.6190816097161, 120.30029296875 22.6241521580904))"
Taiwan,0.34951490302650573,90975.875,39637.0,8.625,136.75,"POLYGON ((120.30029296875 22.6292225194605, 120.305786132812 22.6292225194605, 120.305786132812 22.6241521580904, 120.30029296875 22.6241521580904, 120.30029296875 22.6292225194605))"
Taiwan,0.389717671565541,71663.25,37638.125,11.25,252.0,"POLYGON ((120.30029296875 22.6342926937935, 120.305786132812 22.6342926937935, 120.305786132812 22.6292225194605, 120.30029296875 22.6292225194605, 120.30029296875 22.6342926937935))"
Taiwan,0.361233701915353,67110.75,34123.125,8.875,229.0,"POLYGON ((120.30029296875 22.6393626810567, 120.305786132812 22.6393626810567, 120.305786132812 22.6342926937935, 120.30029296875 22.6342926937935, 120.30029296875 22.6393626810567))"
Taiwan,0.3664653712473715,90430.25,37016.25,10.5,361.25,"POLYGON ((120.30029296875 22.6444324812172, 120.305786132812 22.6444324812172, 120.305786132812 22.6393626810567, 120.30029296875 22.6393626810567, 120.30029296875 22.6444324812172))"
Taiwan,0.3296989861836373,114294.0,42654.0,8.5,363.5,"POLYGON ((120.30029296875 22.6495020942422, 120.305786132812 22.6495020942422, 120.305786132812 22.6444324812172, 120.30029296875 22.6444324812172, 120.30029296875 22.6495020942422))"
Taiwan,0.3016247403970742,118230.5,52094.5,8.0,1092.75,"POLYGON ((120.30029296875 22.6647098101768, 120.305786132812 22.6647098101768, 120.305786132812 22.6596407587548, 120.30029296875 22.6596407587548, 120.30029296875 22.6647098101768))"
Taiwan,0.34585373771384165,41593.33333333333,16533.833333333332,7.25,11.5,"POLYGON ((120.305786132812 22.5632932447078, 120.311279296875 22.5632932447078, 120.311279296875 22.558220454844, 120.305786132812 22.558220454844, 120.305786132812 22.5632932447078))"
Taiwan,0.4277029555206698,19635.0,17210.0,3.0,2.0,"POLYGON ((120.305786132812 22.5683658479615, 120.311279296875 22.5683658479615, 120.311279296875 22.5632932447078, 120.305786132812 22.5632932447078, 120.305786132812 22.5683658479615))"
Taiwan,0.3342485807118262,112215.75,52348.25,8.25,351.5,"POLYGON ((120.305786132812 22.6089399520859, 120.311279296875 22.6089399520859, 120.311279296875 22.6038688428957, 120.305786132812 22.6038688428957, 120.305786132812 22.6089399520859))"
Taiwan,0.33359279955988735,91311.0,44086.125,8.125,421.625,"POLYGON ((120.305786132812 22.6140108743703, 120.311279296875 22.6140108743703, 120.311279296875 22.6089399520859, 120.305786132812 22.6089399520859, 120.305786132812 22.6140108743703))"
Taiwan,0.3341102319217163,125906.5,51461.0,10.0,530.25,"POLYGON ((120.305786132812 22.6190816097161, 120.311279296875 22.6190816097161, 120.311279296875 22.6140108743703, 120.305786132812 22.6140108743703, 120.305786132812 22.6190816097161))"
Taiwan,0.30857702342682447,112456.25,44990.75,9.0,343.875,"POLYGON ((120.305786132812 22.6292225194605, 120.311279296875 22.6292225194605, 120.311279296875 22.6241521580904, 120.305786132812 22.6241521580904, 120.305786132812 22.6292225194605))"
Taiwan,0.3399203376486846,93434.25,35463.0,8.25,318.75,"POLYGON ((120.305786132812 22.6342926937935, 120.311279296875 22.6342926937935, 120.311279296875 22.6292225194605, 120.305786132812 22.6292225194605, 120.305786132812 22.6342926937935))"
Taiwan,0.3650071967379187,98492.75,47593.5,7.25,276.0,"POLYGON ((120.305786132812 22.6393626810567, 120.311279296875 22.6393626810567, 120.311279296875 22.6342926937935, 120.305786132812 22.6342926937935, 120.305786132812 22.6393626810567))"
Taiwan,0.365449066625074,119175.25,53408.25,9.0,389.25,"POLYGON ((120.305786132812 22.6444324812172, 120.311279296875 22.6444324812172, 120.311279296875 22.6393626810567, 120.305786132812 22.6393626810567, 120.305786132812 22.6444324812172))"
Taiwan,0.3286601280689005,108588.75,56188.25,7.0,335.75,"POLYGON ((120.305786132812 22.6495020942422, 120.311279296875 22.6495020942422, 120.311279296875 22.6444324812172, 120.305786132812 22.6444324812172, 120.305786132812 22.6495020942422))"
Taiwan,0.360797927668177,61906.0,28534.375,4.625,1.5,"POLYGON ((120.311279296875 22.558220454844, 120.316772460938 22.558220454844, 120.316772460938 22.5531474784032, 120.311279296875 22.5531474784032, 120.311279296875 22.558220454844))"
Taiwan,0.3182893257503393,122235.0,48361.0,7.75,855.75,"POLYGON ((120.311279296875 22.6089399520859, 120.316772460938 22.6089399520859, 120.316772460938 22.6038688428957, 120.311279296875 22.6038688428957, 120.311279296875 22.6089399520859))"
Taiwan,0.3267440322624409,128767.5,48118.25,7.75,694.25,"POLYGON ((120.311279296875 22.6140108743703, 120.316772460938 22.6140108743703, 120.316772460938 22.6089399520859, 120.311279296875 22.6089399520859, 120.311279296875 22.6140108743703))"
Taiwan,0.33988317679100444,119914.75,45669.5,6.75,507.0,"POLYGON ((120.311279296875 22.6190816097161, 120.316772460938 22.6190816097161, 120.316772460938 22.6140108743703, 120.311279296875 22.6140108743703, 120.311279296875 22.6190816097161))"
Taiwan,0.3101246354127019,130393.25,51683.75,7.0,552.25,"POLYGON ((120.311279296875 22.6241521580904, 120.316772460938 22.6241521580904, 120.316772460938 22.6190816097161, 120.311279296875 22.6190816097161, 120.311279296875 22.6241521580904))"
Taiwan,0.36175955205425625,120288.75,48201.0,8.0,340.25,"POLYGON ((120.311279296875 22.6393626810567, 120.316772460938 22.6393626810567, 120.316772460938 22.6342926937935, 120.311279296875 22.6342926937935, 120.311279296875 22.6393626810567))"
Taiwan,0.36802682211936283,99555.0,42202.0,9.25,442.75,"POLYGON ((120.311279296875 22.6444324812172, 120.316772460938 22.6444324812172, 120.316772460938 22.6393626810567, 120.311279296875 22.6393626810567, 120.311279296875 22.6444324812172))"
Taiwan,0.3107770485568151,114584.75,45353.0,8.75,325.5,"POLYGON ((120.311279296875 22.6495020942422, 120.316772460938 22.6495020942422, 120.316772460938 22.6444324812172, 120.311279296875 22.6444324812172, 120.311279296875 22.6495020942422))"
Taiwan,0.3072701202287475,96598.0,46499.75,8.5,208.75,"POLYGON ((120.316772460938 22.6393626810567, 120.322265625 22.6393626810567, 120.322265625 22.6342926937935, 120.316772460938 22.6342926937935, 120.316772460938 22.6393626810567))"
Taiwan,0.3111060578176053,102614.0,44973.0,8.75,274.5,"POLYGON ((120.322265625 22.6393626810567, 120.327758789062 22.6393626810567, 120.327758789062 22.6342926937935, 120.322265625 22.6342926937935, 120.322265625 22.6393626810567))"
Taiwan,0.3797889285657267,22785.0,39432.0,3.0,1.0,"POLYGON ((120.327758789062 22.5379274299472, 120.333251953125 22.5379274299472, 120.333251953125 22.5328537075271, 120.327758789062 22.5328537075271, 120.327758789062 22.5379274299472))"
Taiwan,0.4173178807057232,54969.0,26624.0,2.0,3.0,"POLYGON ((120.327758789062 22.5430009659219, 120.333251953125 22.5430009659219, 120.333251953125 22.5379274299472, 120.327758789062 22.5379274299472, 120.327758789062 22.5430009659219))"
Taiwan,0.3126309223442883,110183.25,45919.5,7.75,362.75,"POLYGON ((120.327758789062 22.6342926937935, 120.333251953125 22.6342926937935, 120.333251953125 22.6292225194605, 120.327758789062 22.6292225194605, 120.327758789062 22.6342926937935))"
Taiwan,0.3266024809540414,104001.25,46954.5,9.0,328.75,"POLYGON ((120.327758789062 22.6393626810567, 120.333251953125 22.6393626810567, 120.333251953125 22.6342926937935, 120.327758789062 22.6342926937935, 120.327758789062 22.6393626810567))"
Taiwan,0.3136300813492521,120592.875,60754.625,8.5,41.25,"POLYGON ((120.333251953125 22.5734382645724, 120.338745117188 22.5734382645724, 120.338745117188 22.5683658479615, 120.333251953125 22.5683658479615, 120.333251953125 22.5734382645724))"
Taiwan,0.3073596160580399,105665.0,45216.5,8.5,361.0,"POLYGON ((120.333251953125 22.6342926937935, 120.338745117188 22.6342926937935, 120.338745117188 22.6292225194605, 120.333251953125 22.6292225194605, 120.333251953125 22.6342926937935))"
Taiwan,0.3183914181515709,117924.5,50583.0,8.25,369.75,"POLYGON ((120.333251953125 22.6393626810567, 120.338745117188 22.6393626810567, 120.338745117188 22.6342926937935, 120.333251953125 22.6342926937935, 120.333251953125 22.6393626810567))"
Taiwan,0.3952356517571791,73555.0,43765.375,13.375,14.625,"POLYGON ((120.333251953125 22.7001879248344, 120.338745117188 22.7001879248344, 120.338745117188 22.6951201849657, 120.333251953125 22.6951201849657, 120.333251953125 22.7001879248344))"
Taiwan,0.34869324869486246,46234.166666666664,36021.333333333336,6.0,8.166666666666666,"POLYGON ((120.333251953125 22.7052554772075, 120.338745117188 22.7052554772075, 120.338745117188 22.7001879248344, 120.333251953125 22.7001879248344, 120.333251953125 22.7052554772075))"
Taiwan,0.31206169849041804,105241.5,43930.5,10.0,74.875,"POLYGON ((120.338745117188 22.5683658479615, 120.34423828125 22.5683658479615, 120.34423828125 22.5632932447078, 120.338745117188 22.5632932447078, 120.338745117188 22.5683658479615))"
Taiwan,0.38750432647270144,41840.125,23011.625,6.25,21.5,"POLYGON ((120.338745117188 22.5734382645724, 120.34423828125 22.5734382645724, 120.34423828125 22.5683658479615, 120.338745117188 22.5683658479615, 120.338745117188 22.5734382645724))"
Taiwan,0.3056778669535708,92670.5,41893.25,8.75,289.0,"POLYGON ((120.338745117188 22.6342926937935, 120.34423828125 22.6342926937935, 120.34423828125 22.6292225194605, 120.338745117188 22.6292225194605, 120.338745117188 22.6342926937935))"
Taiwan,0.3143476662395218,120199.5,48056.5,15.0,375.5,"POLYGON ((120.338745117188 22.6393626810567, 120.34423828125 22.6393626810567, 120.34423828125 22.6342926937935, 120.338745117188 22.6342926937935, 120.338745117188 22.6393626810567))"
Taiwan,0.37685205988842546,100587.0,47274.6111111111,4.833333333333333,2.6666666666666665,"POLYGON ((120.338745117188 22.7001879248344, 120.34423828125 22.7001879248344, 120.34423828125 22.6951201849657, 120.338745117188 22.6951201849657, 120.338745117188 22.7001879248344))"
Taiwan,0.30770942356325404,88491.25,34967.25,10.5,189.625,"POLYGON ((120.34423828125 22.5683658479615, 120.349731445312 22.5683658479615, 120.349731445312 22.5632932447078, 120.34423828125 22.5632932447078, 120.34423828125 22.5683658479615))"
Taiwan,0.3645157568535501,103075.75,43262.625,12.75,91.75,"POLYGON ((120.34423828125 22.5734382645724, 120.349731445312 22.5734382645724, 120.349731445312 22.5683658479615, 120.34423828125 22.5683658479615, 120.34423828125 22.5734382645724))"
Taiwan,0.3187483921902496,5412.0,322.0,40.0,1.0,"POLYGON ((120.355224609375 22.5328537075271, 120.360717773438 22.5328537075271, 120.360717773438 22.5277797986946, 120.355224609375 22.5277797986946, 120.355224609375 22.5328537075271))"
Taiwan,0.3087630566185436,56532.5,37445.75,4.0,1.25,"POLYGON ((120.360717773438 22.5328537075271, 120.3662109375 22.5328537075271, 120.3662109375 22.5277797986946, 120.360717773438 22.5277797986946, 120.360717773438 22.5328537075271))"
Taiwan,0.3216098908049954,23343.0,14723.0,25.0,1.0,"POLYGON ((120.360717773438 22.5379274299472, 120.3662109375 22.5379274299472, 120.3662109375 22.5328537075271, 120.360717773438 22.5328537075271, 120.360717773438 22.5379274299472))"
Taiwan,0.3473713128193856,56132.25,25267.0,15.25,10.5,"POLYGON ((120.399169921875 23.9009049130377, 120.404663085938 23.9009049130377, 120.404663085938 23.8958827036826, 120.399169921875 23.8958827036826, 120.399169921875 23.9009049130377))"
Taiwan,0.32326549755794054,13573.166666666666,15614.833333333332,16.916666666666664,1.0,"POLYGON ((120.404663085938 22.4922572200852, 120.41015625 22.4922572200852, 120.41015625 22.4871818211393, 120.404663085938 22.4871818211393, 120.404663085938 22.4922572200852))"
Taiwan,0.3329228545951498,25873.5,18236.5,7.0,2.0,"POLYGON ((120.404663085938 23.9009049130377, 120.41015625 23.9009049130377, 120.41015625 23.8958827036826, 120.404663085938 23.8958827036826, 120.404663085938 23.9009049130377))"
Taiwan,0.329579444910028,30444.5,22974.0,6.5,3.0,"POLYGON ((120.404663085938 23.9059269273147, 120.41015625 23.9059269273147, 120.41015625 23.9009049130377, 120.404663085938 23.9009049130377, 120.404663085938 23.9059269273147))"
Taiwan,0.3725343083793439,32213.75,29200.25,10.25,1.25,"POLYGON ((120.41015625 22.4973324328823, 120.415649414062 22.4973324328823, 120.415649414062 22.4922572200852, 120.41015625 22.4922572200852, 120.41015625 22.4973324328823))"
Taiwan,0.3218725591726465,41949.125,18766.5,16.25,7.5,"POLYGON ((120.41015625 22.5024074594977, 120.415649414062 22.5024074594977, 120.415649414062 22.4973324328823, 120.41015625 22.4973324328823, 120.41015625 22.5024074594977))"
Taiwan,0.3207681137248792,60302.0,34932.0,6.0,1.0,"POLYGON ((120.41015625 23.9009049130377, 120.415649414062 23.9009049130377, 120.415649414062 23.8958827036826, 120.41015625 23.8958827036826, 120.41015625 23.9009049130377))"
Taiwan,0.33078953584734516,33072.75,16404.5,32.75,3.0,"POLYGON ((120.41015625 23.9059269273147, 120.415649414062 23.9059269273147, 120.415649414062 23.9009049130377, 120.41015625 23.9009049130377, 120.41015625 23.9059269273147))"
Taiwan,0.3531645111128222,44789.75,15997.0,11.5,2.0,"POLYGON ((120.503540039062 23.9159703705102, 120.509033203125 23.9159703705102, 120.509033203125 23.9109487464825, 120.503540039062 23.9109487464825, 120.503540039062 23.9159703705102))"
Taiwan,0.3443144014380157,53366.41666666667,23674.666666666668,9.75,2.25,"POLYGON ((120.503540039062 23.9209917993668, 120.509033203125 23.9209917993668, 120.509033203125 23.9159703705102, 120.503540039062 23.9159703705102, 120.503540039062 23.9209917993668))"
Taiwan,0.3529310717377638,39116.0,29070.0,6.0,1.0,"POLYGON ((120.509033203125 23.9109487464825, 120.514526367188 23.9109487464825, 120.514526367188 23.9059269273147, 120.509033203125 23.9059269273147, 120.509033203125 23.9109487464825))"
Taiwan,0.41117422243941676,67558.58333333334,28477.166666666664,8.416666666666668,2.25,"POLYGON ((120.509033203125 23.9159703705102, 120.514526367188 23.9159703705102, 120.514526367188 23.9109487464825, 120.509033203125 23.9109487464825, 120.509033203125 23.9159703705102))"
Taiwan,0.3645361941934283,41834.75,22311.833333333336,18.958333333333336,2.75,"POLYGON ((120.509033203125 23.9209917993668, 120.514526367188 23.9209917993668, 120.514526367188 23.9159703705102, 120.509033203125 23.9159703705102, 120.509033203125 23.9209917993668))"
Taiwan,0.3060061736012574,29915.0,5551.0,11.0,1.0,"POLYGON ((120.509033203125 23.9260130330212, 120.514526367188 23.9260130330212, 120.514526367188 23.9209917993668, 120.509033203125 23.9209917993668, 120.509033203125 23.9260130330212))"
Taiwan,0.3506968588242044,100500.0,48030.0,4.0,3.0,"POLYGON ((120.514526367188 23.9109487464825, 120.52001953125 23.9109487464825, 120.52001953125 23.9059269273147, 120.514526367188 23.9059269273147, 120.514526367188 23.9109487464825))"
Taiwan,0.3769305113575001,72655.0,30749.833333333332,8.5,7.166666666666667,"POLYGON ((120.514526367188 23.9159703705102, 120.52001953125 23.9159703705102, 120.52001953125 23.9109487464825, 120.514526367188 23.9109487464825, 120.514526367188 23.9159703705102))"
Taiwan,0.3346417089632119,41443.125,22886.0,52.75,6.0,"POLYGON ((120.514526367188 23.9209917993668, 120.52001953125 23.9209917993668, 120.52001953125 23.9159703705102, 120.514526367188 23.9159703705102, 120.514526367188 23.9209917993668))"
Taiwan,0.3299003586406084,60520.0,18177.5,10.5,1.5,"POLYGON ((120.52001953125 23.9209917993668, 120.525512695312 23.9209917993668, 120.525512695312 23.9159703705102, 120.52001953125 23.9159703705102, 120.52001953125 23.9209917993668))"
Taiwan,0.3000006715583806,116827.5,42696.25,9.0,195.0,"POLYGON ((120.536499023438 24.0765591202954, 120.5419921875 24.0765591202954, 120.5419921875 24.0715437570752, 120.536499023438 24.0715437570752, 120.536499023438 24.0765591202954))"
Taiwan,0.3044809075351373,110692.625,50045.5,4.875,185.125,"POLYGON ((120.6298828125 24.1768251504575, 120.635375976562 24.1768251504575, 120.635375976562 24.1718137162514, 120.6298828125 24.1718137162514, 120.6298828125 24.1768251504575))"
Taiwan,0.30660861048399685,109697.0,64403.875,6.375,528.375,"POLYGON ((120.635375976562 24.1668020853032, 120.640869140625 24.1668020853032, 120.640869140625 24.1617902576437, 120.635375976562 24.1617902576437, 120.635375976562 24.1668020853032))"
Taiwan,0.3267194008197245,89303.375,42350.5,8.625,480.625,"POLYGON ((120.635375976562 24.1718137162514, 120.640869140625 24.1718137162514, 120.640869140625 24.1668020853032, 120.635375976562 24.1668020853032, 120.635375976562 24.1718137162514))"
Taiwan,0.3109955974778307,100278.375,44856.5,6.875,485.0,"POLYGON ((120.635375976562 24.1768251504575, 120.640869140625 24.1768251504575, 120.640869140625 24.1718137162514, 120.635375976562 24.1718137162514, 120.635375976562 24.1768251504575))"
Taiwan,0.31820599490220003,61457.375,31101.125,8.125,196.0,"POLYGON ((120.673828125 24.1467535947031, 120.679321289062 24.1467535947031, 120.679321289062 24.1417409805043, 120.673828125 24.1417409805043, 120.673828125 24.1467535947031))"
Taiwan,0.3039159772550551,103436.75,40892.25,6.5,306.75,"POLYGON ((120.673828125 24.151766012313, 120.679321289062 24.151766012313, 120.679321289062 24.1467535947031, 120.673828125 24.1467535947031, 120.673828125 24.151766012313))"
Taiwan,0.3156507310094273,42739.5,28200.25,8.75,224.25,"POLYGON ((120.679321289062 24.1417409805043, 120.684814453125 24.1417409805043, 120.684814453125 24.1367281697474, 120.679321289062 24.1367281697474, 120.679321289062 24.1417409805043))"
Taiwan,0.3052967498520878,48160.75,29031.0,10.75,115.25,"POLYGON ((120.684814453125 24.1367281697474, 120.690307617188 24.1367281697474, 120.690307617188 24.1317151624629, 120.684814453125 24.1317151624629, 120.684814453125 24.1367281697474))"
Taiwan,0.3278608686925426,60126.25,35866.0,6.875,89.375,"POLYGON ((120.684814453125 24.1417409805043, 120.690307617188 24.1417409805043, 120.690307617188 24.1367281697474, 120.684814453125 24.1367281697474, 120.684814453125 24.1417409805043))"
Taiwan,0.3114267940583117,86724.625,36874.25,5.875,94.375,"POLYGON ((120.690307617188 24.1417409805043, 120.69580078125 24.1417409805043, 120.69580078125 24.1367281697474, 120.690307617188 24.1367281697474, 120.690307617188 24.1417409805043))"
Taiwan,0.34501831005865957,28560.5,21690.0,5.5,3.5,"POLYGON ((120.9375 23.9862525998418, 120.942993164062 23.9862525998418, 120.942993164062 23.9812337110267, 120.9375 23.9812337110267, 120.9375 23.9862525998418))"
Taiwan,0.3208549116751278,132746.66666666666,65698.66666666667,4.333333333333333,3.0,"POLYGON ((120.9375 23.9912712930527, 120.942993164062 23.9912712930527, 120.942993164062 23.9862525998418, 120.9375 23.9862525998418, 120.9375 23.9912712930527))"
Taiwan,0.3186985105417391,16411.0,3289.0,95.0,1.0,"POLYGON ((120.942993164062 23.9862525998418, 120.948486328125 23.9862525998418, 120.948486328125 23.9812337110267, 120.942993164062 23.9812337110267, 120.942993164062 23.9862525998418))"
Taiwan,0.357669835270611,34640.0,8210.0,5.5,1.0,"POLYGON ((120.942993164062 23.9912712930527, 120.948486328125 23.9912712930527, 120.948486328125 23.9862525998418, 120.942993164062 23.9862525998418, 120.942993164062 23.9912712930527))"
Taiwan,0.3313471950586661,62736.25,29849.0,13.0,107.75,"POLYGON ((121.212158203125 24.961160190729, 121.217651367188 24.961160190729, 121.217651367188 24.9561800200559, 121.212158203125 24.9561800200559, 121.212158203125 24.961160190729))"
Taiwan,0.3141798750132311,70574.625,30273.75,9.125,189.0,"POLYGON ((121.217651367188 24.9561800200559, 121.22314453125 24.9561800200559, 121.22314453125 24.9511996479231, 121.217651367188 24.9511996479231, 121.217651367188 24.9561800200559))"
Taiwan,0.3661537692878515,58653.625,33096.875,8.0,195.125,"POLYGON ((121.217651367188 24.961160190729, 121.22314453125 24.961160190729, 121.22314453125 24.9561800200559, 121.217651367188 24.9561800200559, 121.217651367188 24.961160190729))"
Taiwan,0.32184707802382073,80914.5,37186.0,8.0,255.25,"POLYGON ((121.217651367188 24.966140159913, 121.22314453125 24.966140159913, 121.22314453125 24.961160190729, 121.217651367188 24.961160190729, 121.217651367188 24.966140159913))"
Taiwan,0.3217341052066286,82971.875,42105.375,8.25,282.375,"POLYGON ((121.22314453125 24.9561800200559, 121.228637695312 24.9561800200559, 121.228637695312 24.9511996479231, 121.22314453125 24.9511996479231, 121.22314453125 24.9561800200559))"
Taiwan,0.3346467842071677,71281.625,40235.75,7.75,270.75,"POLYGON ((121.22314453125 24.961160190729, 121.228637695312 24.961160190729, 121.228637695312 24.9561800200559, 121.22314453125 24.9561800200559, 121.22314453125 24.961160190729))"
Taiwan,0.3008391516866888,65545.75,59085.25,5.5,125.25,"POLYGON ((121.228637695312 25.0806237724448, 121.234130859375 25.0806237724448, 121.234130859375 25.0756484456305, 121.228637695312 25.0756484456305, 121.228637695312 25.0806237724448))"
Taiwan,0.4566039013194258,127526.5,82320.0,5.75,6.75,"POLYGON ((121.228637695312 25.0855988970648, 121.234130859375 25.0855988970648, 121.234130859375 25.0806237724448, 121.228637695312 25.0806237724448, 121.228637695312 25.0855988970648))"
Taiwan,0.4413486903824598,39555.75,19844.25,6.25,15.25,"POLYGON ((121.234130859375 25.1005230574652, 121.239624023438 25.1005230574652, 121.239624023438 25.0955485396042, 121.234130859375 25.0955485396042, 121.234130859375 25.1005230574652))"
Taiwan,0.42483583249373447,43960.875,22935.5,7.125,10.5,"POLYGON ((121.239624023438 25.090573819461, 121.2451171875 25.090573819461, 121.2451171875 25.0855988970648, 121.239624023438 25.0855988970648, 121.239624023438 25.090573819461))"
Taiwan,0.39139647359587043,17544.333333333336,16721.333333333332,7.0,1.1666666666666665,"POLYGON ((121.239624023438 25.1005230574652, 121.2451171875 25.1005230574652, 121.2451171875 25.0955485396042, 121.239624023438 25.0955485396042, 121.239624023438 25.1005230574652))"
Taiwan,0.3246854564270391,2524.0,2225.0,68.0,6.0,"POLYGON ((121.2451171875 25.0806237724448, 121.250610351562 25.0806237724448, 121.250610351562 25.0756484456305, 121.2451171875 25.0756484456305, 121.2451171875 25.0806237724448))"
Taiwan,0.3343100072011646,73486.16666666666,57524.5,4.0,1.5,"POLYGON ((121.2451171875 25.0855988970648, 121.250610351562 25.0855988970648, 121.250610351562 25.0806237724448, 121.2451171875 25.0806237724448, 121.2451171875 25.0855988970648))"
Taiwan,0.3379761118021972,58181.625,58782.25,4.125,8.5,"POLYGON ((121.2451171875 25.090573819461, 121.250610351562 25.090573819461, 121.250610351562 25.0855988970648, 121.2451171875 25.0855988970648, 121.2451171875 25.090573819461))"
Taiwan,0.32183957520732714,34861.0,34680.125,12.0,11.25,"POLYGON ((121.2451171875 25.0955485396042, 121.250610351562 25.0955485396042, 121.250610351562 25.090573819461, 121.2451171875 25.090573819461, 121.2451171875 25.0955485396042))"
Taiwan,0.3206263489152604,43816.0,21987.0,8.0,2.0,"POLYGON ((121.2451171875 25.1005230574652, 121.250610351562 25.1005230574652, 121.250610351562 25.0955485396042, 121.2451171875 25.0955485396042, 121.2451171875 25.1005230574652))"
Taiwan,0.3137672217121015,77354.75,40569.5,6.75,33.75,"POLYGON ((121.437377929688 24.9860580211676, 121.44287109375 24.9860580211676, 121.44287109375 24.981078858235, 121.437377929688 24.981078858235, 121.437377929688 24.9860580211676))"
Taiwan,0.3025137750016235,117881.25,50066.75,13.25,25.75,"POLYGON ((121.475830078125 25.0557451170153, 121.481323242188 25.0557451170153, 121.481323242188 25.0507687796686, 121.475830078125 25.0507687796686, 121.475830078125 25.0557451170153))"
Taiwan,0.3261205116560602,104548.0,40946.25,8.0,550.5,"POLYGON ((121.481323242188 25.0557451170153, 121.48681640625 25.0557451170153, 121.48681640625 25.0507687796686, 121.481323242188 25.0507687796686, 121.481323242188 25.0557451170153))"
Taiwan,0.3299851942727171,119443.25,48009.25,8.25,812.5,"POLYGON ((121.481323242188 25.0607212523142, 121.48681640625 25.0607212523142, 121.48681640625 25.0557451170153, 121.481323242188 25.0557451170153, 121.481323242188 25.0607212523142))"
Taiwan,0.3148950057290141,118190.25,39302.25,8.25,869.0,"POLYGON ((121.481323242188 25.0656971855359, 121.48681640625 25.0656971855359, 121.48681640625 25.0607212523142, 121.481323242188 25.0607212523142, 121.481323242188 25.0656971855359))"
Taiwan,0.3276269762594795,88720.0,34850.25,12.25,876.25,"POLYGON ((121.48681640625 25.0557451170153, 121.492309570312 25.0557451170153, 121.492309570312 25.0507687796686, 121.48681640625 25.0507687796686, 121.48681640625 25.0557451170153))"
Taiwan,0.3210143597379295,94568.0,36645.666666666664,8.75,805.25,"POLYGON ((121.48681640625 25.0607212523142, 121.492309570312 25.0607212523142, 121.492309570312 25.0557451170153, 121.48681640625 25.0557451170153, 121.48681640625 25.0607212523142))"
Taiwan,0.3018140364116086,86036.0,44706.0,4.75,553.75,"POLYGON ((121.503295898438 25.0408154989491, 121.5087890625 25.0408154989491, 121.5087890625 25.035838555635, 121.503295898438 25.035838555635, 121.503295898438 25.0408154989491))"
Taiwan,0.3723474790320254,83227.33333333333,49315.25,6.916666666666667,710.3333333333334,"POLYGON ((121.503295898438 25.0457922403034, 121.5087890625 25.0457922403034, 121.5087890625 25.0408154989491, 121.503295898438 25.0408154989491, 121.503295898438 25.0457922403034))"
Taiwan,0.35191744912667905,87303.1,44076.75,7.9,215.1,"POLYGON ((121.503295898438 25.0507687796686, 121.5087890625 25.0507687796686, 121.5087890625 25.0457922403034, 121.503295898438 25.0457922403034, 121.503295898438 25.0507687796686))"
Taiwan,0.3415132209438261,76331.875,47135.0,6.875,533.125,"POLYGON ((121.5087890625 25.0457922403034, 121.514282226562 25.0457922403034, 121.514282226562 25.0408154989491, 121.5087890625 25.0408154989491, 121.5087890625 25.0457922403034))"
Taiwan,0.3800388817016438,94872.875,63205.625,6.5,391.0,"POLYGON ((121.5087890625 25.0507687796686, 121.514282226562 25.0507687796686, 121.514282226562 25.0457922403034, 121.5087890625 25.0457922403034, 121.5087890625 25.0507687796686))"
Taiwan,0.3699334465694376,108924.375,47035.375,8.375,764.0,"POLYGON ((121.5087890625 25.0557451170153, 121.514282226562 25.0557451170153, 121.514282226562 25.0507687796686, 121.5087890625 25.0507687796686, 121.5087890625 25.0557451170153))"
Taiwan,0.3662136884055701,67248.875,34350.625,8.125,536.375,"POLYGON ((121.514282226562 25.0507687796686, 121.519775390625 25.0507687796686, 121.519775390625 25.0457922403034, 121.514282226562 25.0457922403034, 121.514282226562 25.0507687796686))"
Taiwan,0.35152432264861344,86448.25,40857.5,8.375,609.0,"POLYGON ((121.514282226562 25.0557451170153, 121.519775390625 25.0557451170153, 121.519775390625 25.0507687796686, 121.514282226562 25.0507687796686, 121.514282226562 25.0557451170153))"
Taiwan,0.33705964002923006,93369.75,52530.92857142857,7.785714285714286,531.8214285714286,"POLYGON ((121.519775390625 25.0507687796686, 121.525268554688 25.0507687796686, 121.525268554688 25.0457922403034, 121.519775390625 25.0457922403034, 121.519775390625 25.0507687796686))"
Taiwan,0.3137208855807482,85139.875,42263.375,7.0,812.875,"POLYGON ((121.519775390625 25.0557451170153, 121.525268554688 25.0557451170153, 121.525268554688 25.0507687796686, 121.519775390625 25.0507687796686, 121.519775390625 25.0557451170153))"
Taiwan,0.3048998014507169,83996.75,39037.5,7.5,797.0,"POLYGON ((121.519775390625 25.0607212523142, 121.525268554688 25.0607212523142, 121.525268554688 25.0557451170153, 121.519775390625 25.0557451170153, 121.519775390625 25.0607212523142))"
Taiwan,0.3237805376802379,94335.16666666667,42902.25,9.583333333333334,528.25,"POLYGON ((121.525268554688 25.0507687796686, 121.53076171875 25.0507687796686, 121.53076171875 25.0457922403034, 121.525268554688 25.0457922403034, 121.525268554688 25.0507687796686))"
Taiwan,0.31326206727551464,101704.375,46417.0,9.625,667.875,"POLYGON ((121.53076171875 25.0507687796686, 121.536254882812 25.0507687796686, 121.536254882812 25.0457922403034, 121.53076171875 25.0457922403034, 121.53076171875 25.0507687796686))"
Taiwan,0.30899659571663496,104546.5,53601.75,6.625,317.0,"POLYGON ((121.552734375 25.0855988970648, 121.558227539062 25.0855988970648, 121.558227539062 25.0806237724448, 121.552734375 25.0806237724448, 121.552734375 25.0855988970648))"
Taiwan,0.3609690101256814,97619.0,58879.0,9.75,442.0,"POLYGON ((121.558227539062 25.0408154989491, 121.563720703125 25.0408154989491, 121.563720703125 25.035838555635, 121.558227539062 25.035838555635, 121.558227539062 25.0408154989491))"
Taiwan,0.315568505029914,111382.5,54999.0,7.5,555.0,"POLYGON ((121.558227539062 25.0855988970648, 121.563720703125 25.0855988970648, 121.563720703125 25.0806237724448, 121.558227539062 25.0806237724448, 121.558227539062 25.0855988970648))"
Taiwan,0.3922910765379744,88926.75,50353.25,6.25,589.25,"POLYGON ((121.563720703125 25.035838555635, 121.569213867188 25.035838555635, 121.569213867188 25.0308614103904, 121.563720703125 25.0308614103904, 121.563720703125 25.035838555635))"
Taiwan,0.4230561208916882,103353.0,66237.0,6.0,427.75,"POLYGON ((121.563720703125 25.0408154989491, 121.569213867188 25.0408154989491, 121.569213867188 25.035838555635, 121.563720703125 25.035838555635, 121.563720703125 25.0408154989491))"
Taiwan,0.3481904685279391,92823.25,43073.25,9.75,591.0,"POLYGON ((121.563720703125 25.0457922403034, 121.569213867188 25.0457922403034, 121.569213867188 25.0408154989491, 121.563720703125 25.0408154989491, 121.563720703125 25.0457922403034))"
Taiwan,0.3759823623236898,120254.875,54798.5,8.25,355.0,"POLYGON ((121.569213867188 25.035838555635, 121.57470703125 25.035838555635, 121.57470703125 25.0308614103904, 121.569213867188 25.0308614103904, 121.569213867188 25.035838555635))"
Taiwan,0.3863091437734655,114764.625,51201.125,8.25,492.375,"POLYGON ((121.569213867188 25.0408154989491, 121.57470703125 25.0408154989491, 121.57470703125 25.035838555635, 121.569213867188 25.035838555635, 121.569213867188 25.0408154989491))"
Taiwan,0.3101422158114108,114069.0,49825.625,8.0,666.375,"POLYGON ((121.569213867188 25.0507687796686, 121.57470703125 25.0507687796686, 121.57470703125 25.0457922403034, 121.569213867188 25.0457922403034, 121.569213867188 25.0507687796686))"
Taiwan,0.3111574528917967,118638.0,51284.916666666664,7.916666666666667,874.0,"POLYGON ((121.57470703125 25.0507687796686, 121.580200195312 25.0507687796686, 121.580200195312 25.0457922403034, 121.57470703125 25.0457922403034, 121.57470703125 25.0507687796686))"
Taiwan,0.3075719146542511,114139.25,41958.5,8.0,380.125,"POLYGON ((121.57470703125 25.0557451170153, 121.580200195312 25.0557451170153, 121.580200195312 25.0507687796686, 121.57470703125 25.0507687796686, 121.57470703125 25.0557451170153))"
Taiwan,0.3084465522116961,98588.5,48099.0,6.25,291.25,"POLYGON ((121.57470703125 25.0607212523142, 121.580200195312 25.0607212523142, 121.580200195312 25.0557451170153, 121.57470703125 25.0557451170153, 121.57470703125 25.0607212523142))"
Taiwan,0.3064956170099562,99496.75,47129.5,6.75,205.25,"POLYGON ((121.580200195312 25.0607212523142, 121.585693359375 25.0607212523142, 121.585693359375 25.0557451170153, 121.580200195312 25.0557451170153, 121.580200195312 25.0607212523142))"
Taiwan,0.3091887410021736,110963.5,55148.0,5.25,203.75,"POLYGON ((121.585693359375 25.0656971855359, 121.591186523438 25.0656971855359, 121.591186523438 25.0607212523142, 121.585693359375 25.0607212523142, 121.585693359375 25.0656971855359))"
Taiwan,0.3042863863431887,48283.25,32217.0,9.0,44.75,"POLYGON ((121.607666015625 23.9762146266383, 121.613159179688 23.9762146266383, 121.613159179688 23.9711953467074, 121.607666015625 23.9711953467074, 121.607666015625 23.9762146266383))"
Taiwan,0.3029270093887682,58912.0,27370.25,9.0,217.75,"POLYGON ((121.739501953125 25.130365915065, 121.744995117188 25.130365915065, 121.744995117188 25.125392611512, 121.739501953125 25.125392611512, 121.739501953125 25.130365915065))"
Taiwan,0.3245135073875497,97357.25,26499.5,27.5,11.5,"POLYGON ((121.744995117188 25.1502571041147, 121.75048828125 25.1502571041147, 121.75048828125 25.1452846106851, 121.744995117188 25.1452846106851, 121.744995117188 25.1502571041147))"
